fecha,well_id,tipo_evento,duracion_horas,impacto_produccion_pct,costo_intervencion
2024-12-19 18:34:40,POZO-003,normal,0,0,0
2024-12-20 00:34:40,POZO-003,normal,0,0,0
2024-12-20 06:34:40,POZO-001,normal,0,0,0
2024-12-20 12:34:40,POZO-001,mantenimiento_preventivo,2.7,8.4,8867.0
2024-12-20 18:34:40,POZO-002,falla_bomba,19.4,88.5,133553.0
2024-12-21 00:34:40,POZO-001,ajuste_parametros,3.6,12.1,1937.0
2024-12-21 06:34:40,POZO-001,ajuste_parametros,2.0,9.1,8574.0
2024-12-21 12:34:40,POZO-001,alarma_falsa,3.2,12.2,8725.0
2024-12-21 18:34:40,POZO-001,obstruccion,2.4,24.2,35197.0
2024-12-22 00:34:40,POZO-001,ajuste_parametros,1.0,5.8,4974.0
2024-12-22 06:34:40,POZO-003,normal,0,0,0
2024-12-22 12:34:40,POZO-001,normal,0,0,0
2024-12-22 18:34:40,POZO-002,normal,0,0,0
2024-12-23 00:34:40,POZO-001,normal,0,0,0
2024-12-23 06:34:40,POZO-001,normal,0,0,0
2024-12-23 12:34:40,POZO-002,falla_bomba,4.1,91.7,121049.0
2024-12-23 18:34:40,POZO-002,normal,0,0,0
2024-12-24 00:34:40,POZO-001,normal,0,0,0
2024-12-24 06:34:40,POZO-003,falla_bomba,11.2,83.2,72742.0
2024-12-24 12:34:40,POZO-003,normal,0,0,0
2024-12-24 18:34:40,POZO-001,normal,0,0,0
2024-12-25 00:34:40,POZO-002,normal,0,0,0
2024-12-25 06:34:40,POZO-002,ajuste_parametros,3.8,10.3,7140.0
2024-12-25 12:34:40,POZO-001,normal,0,0,0
2024-12-25 18:34:40,POZO-001,mantenimiento_preventivo,5.1,6.0,10075.0
2024-12-26 00:34:40,POZO-002,alarma_falsa,1.1,1.2,7833.0
2024-12-26 06:34:40,POZO-003,ajuste_parametros,1.0,11.5,9800.0
2024-12-26 12:34:40,POZO-003,falla_bomba,21.5,98.6,112896.0
2024-12-26 18:34:40,POZO-003,mantenimiento_preventivo,7.2,15.8,9705.0
2024-12-27 00:34:40,POZO-002,normal,0,0,0
2024-12-27 06:34:40,POZO-002,ajuste_parametros,2.6,2.9,4635.0
2024-12-27 12:34:40,POZO-003,normal,0,0,0
2024-12-27 18:34:40,POZO-003,mantenimiento_preventivo,5.7,11.6,10179.0
2024-12-28 00:34:40,POZO-003,normal,0,0,0
2024-12-28 06:34:40,POZO-001,ajuste_parametros,0.8,10.7,4510.0
2024-12-28 12:34:40,POZO-003,mantenimiento_preventivo,2.8,19.9,9259.0
2024-12-28 18:34:40,POZO-001,normal,0,0,0
2024-12-29 00:34:40,POZO-002,normal,0,0,0
2024-12-29 06:34:40,POZO-003,normal,0,0,0
2024-12-29 12:34:40,POZO-001,ajuste_parametros,2.4,5.2,8490.0
2024-12-29 18:34:40,POZO-002,mantenimiento_preventivo,7.9,6.7,5899.0
2024-12-30 00:34:40,POZO-002,normal,0,0,0
2024-12-30 06:34:40,POZO-003,normal,0,0,0
2024-12-30 12:34:40,POZO-001,falla_bomba,22.8,72.4,135865.0
2024-12-30 18:34:40,POZO-001,normal,0,0,0
2024-12-31 00:34:40,POZO-001,obstruccion,11.9,42.6,45774.0
2024-12-31 06:34:40,POZO-003,mantenimiento_preventivo,7.1,8.5,9488.0
2024-12-31 12:34:40,POZO-003,falla_bomba,18.3,83.6,157153.0
2024-12-31 18:34:40,POZO-003,mantenimiento_preventivo,2.6,12.7,7888.0
2025-01-01 00:34:40,POZO-002,normal,0,0,0
2025-01-01 06:34:40,POZO-001,mantenimiento_preventivo,7.0,6.2,5933.0
2025-01-01 12:34:40,POZO-001,normal,0,0,0
2025-01-01 18:34:40,POZO-002,normal,0,0,0
2025-01-02 00:34:40,POZO-003,normal,0,0,0
2025-01-02 06:34:40,POZO-003,normal,0,0,0
2025-01-02 12:34:40,POZO-002,ajuste_parametros,2.5,12.7,9969.0
2025-01-02 18:34:40,POZO-003,fuga_menor,2.2,19.5,8414.0
2025-01-03 00:34:40,POZO-001,normal,0,0,0
2025-01-03 06:34:40,POZO-002,mantenimiento_preventivo,2.8,15.6,17949.0
2025-01-03 12:34:40,POZO-001,mantenimiento_preventivo,4.7,5.5,7353.0
2025-01-03 18:34:40,POZO-003,normal,0,0,0
2025-01-04 00:34:40,POZO-001,mantenimiento_preventivo,4.5,6.8,13576.0
2025-01-04 06:34:40,POZO-001,normal,0,0,0
2025-01-04 12:34:40,POZO-001,normal,0,0,0
2025-01-04 18:34:40,POZO-002,normal,0,0,0
2025-01-05 00:34:40,POZO-002,normal,0,0,0
2025-01-05 06:34:40,POZO-001,normal,0,0,0
2025-01-05 12:34:40,POZO-003,normal,0,0,0
2025-01-05 18:34:40,POZO-002,ajuste_parametros,1.3,16.4,5399.0
2025-01-06 00:34:40,POZO-001,normal,0,0,0
2025-01-06 06:34:40,POZO-001,ajuste_parametros,2.0,11.5,6092.0
2025-01-06 12:34:40,POZO-002,falla_bomba,13.5,86.0,140856.0
2025-01-06 18:34:40,POZO-001,normal,0,0,0
2025-01-07 00:34:40,POZO-002,falla_bomba,17.3,57.4,159180.0
2025-01-07 06:34:40,POZO-001,falla_bomba,17.3,70.5,84923.0
2025-01-07 12:34:40,POZO-002,normal,0,0,0
2025-01-07 18:34:40,POZO-001,fuga_menor,3.6,14.7,6813.0
2025-01-08 00:34:40,POZO-001,mantenimiento_preventivo,5.4,16.9,15611.0
2025-01-08 06:34:40,POZO-003,mantenimiento_preventivo,5.9,6.3,19328.0
2025-01-08 12:34:40,POZO-003,normal,0,0,0
2025-01-08 18:34:40,POZO-001,fuga_menor,2.3,15.0,5524.0
2025-01-09 00:34:40,POZO-001,normal,0,0,0
2025-01-09 06:34:40,POZO-003,normal,0,0,0
2025-01-09 12:34:40,POZO-001,normal,0,0,0
2025-01-09 18:34:40,POZO-001,normal,0,0,0
2025-01-10 00:34:40,POZO-003,obstruccion,7.8,23.4,31342.0
2025-01-10 06:34:40,POZO-002,normal,0,0,0
2025-01-10 12:34:40,POZO-001,normal,0,0,0
2025-01-10 18:34:40,POZO-001,normal,0,0,0
2025-01-11 00:34:40,POZO-001,normal,0,0,0
2025-01-11 06:34:40,POZO-003,normal,0,0,0
2025-01-11 12:34:40,POZO-002,normal,0,0,0
2025-01-11 18:34:40,POZO-001,normal,0,0,0
2025-01-12 00:34:40,POZO-002,normal,0,0,0
2025-01-12 06:34:40,POZO-002,falla_bomba,7.1,97.6,151791.0
2025-01-12 12:34:40,POZO-001,mantenimiento_preventivo,4.0,5.4,5878.0
2025-01-12 18:34:40,POZO-002,normal,0,0,0
2025-01-13 00:34:40,POZO-001,normal,0,0,0
2025-01-13 06:34:40,POZO-002,normal,0,0,0
2025-01-13 12:34:40,POZO-001,normal,0,0,0
2025-01-13 18:34:40,POZO-001,falla_bomba,15.7,74.6,162858.0
2025-01-14 00:34:40,POZO-002,fuga_menor,1.4,6.4,5978.0
2025-01-14 06:34:40,POZO-001,normal,0,0,0
2025-01-14 12:34:40,POZO-002,mantenimiento_preventivo,7.5,5.3,13311.0
2025-01-14 18:34:40,POZO-003,mantenimiento_preventivo,3.5,13.3,16778.0
2025-01-15 00:34:40,POZO-002,normal,0,0,0
2025-01-15 06:34:40,POZO-002,normal,0,0,0
2025-01-15 12:34:40,POZO-003,normal,0,0,0
2025-01-15 18:34:40,POZO-001,normal,0,0,0
2025-01-16 00:34:40,POZO-001,falla_bomba,14.8,71.2,186724.0
2025-01-16 06:34:40,POZO-002,normal,0,0,0
2025-01-16 12:34:40,POZO-002,fuga_menor,2.7,13.1,2506.0
2025-01-16 18:34:40,POZO-001,fuga_menor,2.2,12.0,8555.0
2025-01-17 00:34:40,POZO-002,alarma_falsa,3.4,4.3,8566.0
2025-01-17 06:34:40,POZO-002,normal,0,0,0
2025-01-17 12:34:40,POZO-003,normal,0,0,0
2025-01-17 18:34:40,POZO-001,normal,0,0,0
2025-01-18 00:34:40,POZO-002,mantenimiento_preventivo,7.0,15.9,19982.0
2025-01-18 06:34:40,POZO-002,normal,0,0,0
2025-01-18 12:34:40,POZO-003,fuga_menor,1.6,13.6,4084.0
2025-01-18 18:34:40,POZO-002,alarma_falsa,3.0,5.5,6960.0
2025-01-19 00:34:40,POZO-002,normal,0,0,0
2025-01-19 06:34:40,POZO-002,fuga_menor,1.6,18.3,2204.0
2025-01-19 12:34:40,POZO-001,mantenimiento_preventivo,2.0,5.1,7603.0
2025-01-19 18:34:40,POZO-003,ajuste_parametros,3.0,15.2,5843.0
2025-01-20 00:34:40,POZO-003,mantenimiento_preventivo,5.2,18.4,17241.0
2025-01-20 06:34:40,POZO-002,mantenimiento_preventivo,4.1,17.2,17412.0
2025-01-20 12:34:40,POZO-002,normal,0,0,0
2025-01-20 18:34:40,POZO-003,alarma_falsa,0.9,7.4,2737.0
2025-01-21 00:34:40,POZO-001,normal,0,0,0
2025-01-21 06:34:40,POZO-001,falla_bomba,17.6,85.5,78727.0
2025-01-21 12:34:40,POZO-003,mantenimiento_preventivo,6.9,8.3,19702.0
2025-01-21 18:34:40,POZO-002,normal,0,0,0
2025-01-22 00:34:40,POZO-002,ajuste_parametros,3.0,4.2,2765.0
2025-01-22 06:34:40,POZO-003,normal,0,0,0
2025-01-22 12:34:40,POZO-002,normal,0,0,0
2025-01-22 18:34:40,POZO-002,normal,0,0,0
2025-01-23 00:34:40,POZO-001,mantenimiento_preventivo,5.4,15.2,13477.0
2025-01-23 06:34:40,POZO-001,normal,0,0,0
2025-01-23 12:34:40,POZO-003,normal,0,0,0
2025-01-23 18:34:40,POZO-002,fuga_menor,3.5,17.6,7560.0
2025-01-24 00:34:40,POZO-002,normal,0,0,0
2025-01-24 06:34:40,POZO-003,normal,0,0,0
2025-01-24 12:34:40,POZO-003,mantenimiento_preventivo,5.7,15.2,18247.0
2025-01-24 18:34:40,POZO-001,fuga_menor,2.7,18.9,1467.0
2025-01-25 00:34:40,POZO-002,normal,0,0,0
2025-01-25 06:34:40,POZO-002,normal,0,0,0
2025-01-25 12:34:40,POZO-003,normal,0,0,0
2025-01-25 18:34:40,POZO-002,normal,0,0,0
2025-01-26 00:34:40,POZO-001,ajuste_parametros,1.3,5.6,4781.0
2025-01-26 06:34:40,POZO-002,normal,0,0,0
2025-01-26 12:34:40,POZO-002,normal,0,0,0
2025-01-26 18:34:40,POZO-001,ajuste_parametros,3.3,19.8,3031.0
2025-01-27 00:34:40,POZO-003,normal,0,0,0
2025-01-27 06:34:40,POZO-001,ajuste_parametros,1.2,6.6,1566.0
2025-01-27 12:34:40,POZO-003,normal,0,0,0
2025-01-27 18:34:40,POZO-002,normal,0,0,0
2025-01-28 00:34:40,POZO-001,normal,0,0,0
2025-01-28 06:34:40,POZO-003,fuga_menor,3.4,4.9,5262.0
2025-01-28 12:34:40,POZO-002,obstruccion,10.2,40.8,19470.0
2025-01-28 18:34:40,POZO-001,falla_bomba,16.4,88.2,143802.0
2025-01-29 00:34:40,POZO-003,normal,0,0,0
2025-01-29 06:34:40,POZO-001,ajuste_parametros,1.8,17.8,7240.0
2025-01-29 12:34:40,POZO-001,normal,0,0,0
2025-01-29 18:34:40,POZO-002,normal,0,0,0
2025-01-30 00:34:40,POZO-003,mantenimiento_preventivo,2.4,15.2,13389.0
2025-01-30 06:34:40,POZO-002,obstruccion,6.0,44.7,26444.0
2025-01-30 12:34:40,POZO-003,falla_bomba,16.5,72.7,119631.0
2025-01-30 18:34:40,POZO-002,ajuste_parametros,2.7,6.8,9438.0
2025-01-31 00:34:40,POZO-001,normal,0,0,0
2025-01-31 06:34:40,POZO-002,normal,0,0,0
2025-01-31 12:34:40,POZO-001,normal,0,0,0
2025-01-31 18:34:40,POZO-003,mantenimiento_preventivo,5.6,17.6,18566.0
2025-02-01 00:34:40,POZO-001,mantenimiento_preventivo,3.5,11.3,15869.0
2025-02-01 06:34:40,POZO-002,normal,0,0,0
2025-02-01 12:34:40,POZO-001,falla_bomba,5.2,65.6,115377.0
2025-02-01 18:34:40,POZO-003,falla_bomba,10.2,94.3,166324.0
2025-02-02 00:34:40,POZO-001,normal,0,0,0
2025-02-02 06:34:40,POZO-003,normal,0,0,0
2025-02-02 12:34:40,POZO-002,alarma_falsa,2.3,13.2,2301.0
2025-02-02 18:34:40,POZO-001,normal,0,0,0
2025-02-03 00:34:40,POZO-003,ajuste_parametros,2.0,3.9,2803.0
2025-02-03 06:34:40,POZO-001,falla_bomba,10.8,83.4,154217.0
2025-02-03 12:34:40,POZO-002,normal,0,0,0
2025-02-03 18:34:40,POZO-002,ajuste_parametros,2.5,6.7,3697.0
2025-02-04 00:34:40,POZO-002,normal,0,0,0
2025-02-04 06:34:40,POZO-002,ajuste_parametros,3.7,9.9,9280.0
2025-02-04 12:34:40,POZO-003,normal,0,0,0
2025-02-04 18:34:40,POZO-001,normal,0,0,0
2025-02-05 00:34:40,POZO-001,normal,0,0,0
2025-02-05 06:34:40,POZO-003,falla_bomba,20.3,90.4,106387.0
2025-02-05 12:34:40,POZO-002,normal,0,0,0
2025-02-05 18:34:40,POZO-001,normal,0,0,0
2025-02-06 00:34:40,POZO-001,normal,0,0,0
2025-02-06 06:34:40,POZO-003,normal,0,0,0
2025-02-06 12:34:40,POZO-002,normal,0,0,0
2025-02-06 18:34:40,POZO-003,normal,0,0,0
2025-02-07 00:34:40,POZO-002,normal,0,0,0
2025-02-07 06:34:40,POZO-001,normal,0,0,0
2025-02-07 12:34:40,POZO-002,normal,0,0,0
2025-02-07 18:34:40,POZO-002,mantenimiento_preventivo,4.0,13.3,7678.0
2025-02-08 00:34:40,POZO-001,normal,0,0,0
2025-02-08 06:34:40,POZO-002,ajuste_parametros,0.6,13.5,4410.0
2025-02-08 12:34:40,POZO-001,normal,0,0,0
2025-02-08 18:34:40,POZO-001,normal,0,0,0
2025-02-09 00:34:40,POZO-001,normal,0,0,0
2025-02-09 06:34:40,POZO-002,mantenimiento_preventivo,7.6,19.7,19965.0
2025-02-09 12:34:40,POZO-002,ajuste_parametros,0.7,2.9,9317.0
2025-02-09 18:34:40,POZO-001,normal,0,0,0
2025-02-10 00:34:40,POZO-002,mantenimiento_preventivo,3.9,11.4,14542.0
2025-02-10 06:34:40,POZO-001,falla_bomba,15.7,92.7,94127.0
2025-02-10 12:34:40,POZO-001,normal,0,0,0
2025-02-10 18:34:40,POZO-001,mantenimiento_preventivo,3.7,6.9,12624.0
2025-02-11 00:34:40,POZO-003,ajuste_parametros,1.2,1.6,5236.0
2025-02-11 06:34:40,POZO-003,mantenimiento_preventivo,3.0,10.8,18236.0
2025-02-11 12:34:40,POZO-003,normal,0,0,0
2025-02-11 18:34:40,POZO-003,normal,0,0,0
2025-02-12 00:34:40,POZO-002,mantenimiento_preventivo,5.2,12.2,19336.0
2025-02-12 06:34:40,POZO-002,normal,0,0,0
2025-02-12 12:34:40,POZO-002,mantenimiento_preventivo,6.7,14.7,8108.0
2025-02-12 18:34:40,POZO-001,normal,0,0,0
2025-02-13 00:34:40,POZO-001,normal,0,0,0
2025-02-13 06:34:40,POZO-002,normal,0,0,0
2025-02-13 12:34:40,POZO-002,normal,0,0,0
2025-02-13 18:34:40,POZO-002,normal,0,0,0
2025-02-14 00:34:40,POZO-001,normal,0,0,0
2025-02-14 06:34:40,POZO-001,normal,0,0,0
2025-02-14 12:34:40,POZO-003,normal,0,0,0
2025-02-14 18:34:40,POZO-003,normal,0,0,0
2025-02-15 00:34:40,POZO-003,mantenimiento_preventivo,4.6,12.0,11134.0
2025-02-15 06:34:40,POZO-002,normal,0,0,0
2025-02-15 12:34:40,POZO-002,normal,0,0,0
2025-02-15 18:34:40,POZO-002,normal,0,0,0
2025-02-16 00:34:40,POZO-003,normal,0,0,0
2025-02-16 06:34:40,POZO-001,normal,0,0,0
2025-02-16 12:34:40,POZO-003,normal,0,0,0
2025-02-16 18:34:40,POZO-003,normal,0,0,0
2025-02-17 00:34:40,POZO-002,ajuste_parametros,0.8,1.4,1345.0
2025-02-17 06:34:40,POZO-001,normal,0,0,0
2025-02-17 12:34:40,POZO-003,normal,0,0,0
2025-02-17 18:34:40,POZO-002,mantenimiento_preventivo,6.6,17.7,7860.0
2025-02-18 00:34:40,POZO-003,alarma_falsa,4.0,15.0,7658.0
2025-02-18 06:34:40,POZO-002,normal,0,0,0
2025-02-18 12:34:40,POZO-002,normal,0,0,0
2025-02-18 18:34:40,POZO-002,falla_bomba,12.1,70.3,136993.0
2025-02-19 00:34:40,POZO-003,normal,0,0,0
2025-02-19 06:34:40,POZO-003,normal,0,0,0
2025-02-19 12:34:40,POZO-001,ajuste_parametros,1.3,14.5,2889.0
2025-02-19 18:34:40,POZO-001,normal,0,0,0
2025-02-20 00:34:40,POZO-003,falla_bomba,18.5,73.1,168787.0
2025-02-20 06:34:40,POZO-002,obstruccion,6.3,57.7,26708.0
2025-02-20 12:34:40,POZO-002,normal,0,0,0
2025-02-20 18:34:40,POZO-003,normal,0,0,0
2025-02-21 00:34:40,POZO-001,normal,0,0,0
2025-02-21 06:34:40,POZO-001,normal,0,0,0
2025-02-21 12:34:40,POZO-003,normal,0,0,0
2025-02-21 18:34:40,POZO-003,obstruccion,5.4,36.8,37431.0
2025-02-22 00:34:40,POZO-002,falla_bomba,17.8,65.0,138043.0
2025-02-22 06:34:40,POZO-003,falla_bomba,22.4,57.7,192896.0
2025-02-22 12:34:40,POZO-002,normal,0,0,0
2025-02-22 18:34:40,POZO-003,ajuste_parametros,2.5,7.8,4432.0
2025-02-23 00:34:40,POZO-002,normal,0,0,0
2025-02-23 06:34:40,POZO-002,normal,0,0,0
2025-02-23 12:34:40,POZO-001,normal,0,0,0
2025-02-23 18:34:40,POZO-002,mantenimiento_preventivo,3.8,7.6,15123.0
2025-02-24 00:34:40,POZO-001,normal,0,0,0
2025-02-24 06:34:40,POZO-003,mantenimiento_preventivo,2.2,8.0,18670.0
2025-02-24 12:34:40,POZO-002,normal,0,0,0
2025-02-24 18:34:40,POZO-001,normal,0,0,0
2025-02-25 00:34:40,POZO-003,normal,0,0,0
2025-02-25 06:34:40,POZO-001,normal,0,0,0
2025-02-25 12:34:40,POZO-001,normal,0,0,0
2025-02-25 18:34:40,POZO-002,normal,0,0,0
2025-02-26 00:34:40,POZO-001,normal,0,0,0
2025-02-26 06:34:40,POZO-002,normal,0,0,0
2025-02-26 12:34:40,POZO-001,normal,0,0,0
2025-02-26 18:34:40,POZO-001,normal,0,0,0
2025-02-27 00:34:40,POZO-001,normal,0,0,0
2025-02-27 06:34:40,POZO-003,mantenimiento_preventivo,3.0,13.6,9655.0
2025-02-27 12:34:40,POZO-001,normal,0,0,0
2025-02-27 18:34:40,POZO-003,normal,0,0,0
2025-02-28 00:34:40,POZO-001,normal,0,0,0
2025-02-28 06:34:40,POZO-001,normal,0,0,0
2025-02-28 12:34:40,POZO-002,mantenimiento_preventivo,3.5,9.9,13538.0
2025-02-28 18:34:40,POZO-002,normal,0,0,0
2025-03-01 00:34:40,POZO-003,normal,0,0,0
2025-03-01 06:34:40,POZO-001,normal,0,0,0
2025-03-01 12:34:40,POZO-002,normal,0,0,0
2025-03-01 18:34:40,POZO-003,falla_bomba,11.8,91.2,177477.0
2025-03-02 00:34:40,POZO-002,normal,0,0,0
2025-03-02 06:34:40,POZO-003,mantenimiento_preventivo,4.7,18.7,7752.0
2025-03-02 12:34:40,POZO-003,normal,0,0,0
2025-03-02 18:34:40,POZO-003,fuga_menor,1.3,17.4,3464.0
2025-03-03 00:34:40,POZO-003,normal,0,0,0
2025-03-03 06:34:40,POZO-003,ajuste_parametros,2.9,14.4,2955.0
2025-03-03 12:34:40,POZO-002,normal,0,0,0
2025-03-03 18:34:40,POZO-003,normal,0,0,0
2025-03-04 00:34:40,POZO-002,normal,0,0,0
2025-03-04 06:34:40,POZO-001,normal,0,0,0
2025-03-04 12:34:40,POZO-002,normal,0,0,0
2025-03-04 18:34:40,POZO-001,normal,0,0,0
2025-03-05 00:34:40,POZO-003,normal,0,0,0
2025-03-05 06:34:40,POZO-001,normal,0,0,0
2025-03-05 12:34:40,POZO-003,mantenimiento_preventivo,4.8,10.2,10990.0
2025-03-05 18:34:40,POZO-001,normal,0,0,0
2025-03-06 00:34:40,POZO-001,normal,0,0,0
2025-03-06 06:34:40,POZO-003,ajuste_parametros,1.6,15.0,5363.0
2025-03-06 12:34:40,POZO-001,normal,0,0,0
2025-03-06 18:34:40,POZO-003,normal,0,0,0
2025-03-07 00:34:40,POZO-002,normal,0,0,0
2025-03-07 06:34:40,POZO-002,obstruccion,3.7,20.7,14021.0
2025-03-07 12:34:40,POZO-002,normal,0,0,0
2025-03-07 18:34:40,POZO-003,normal,0,0,0
2025-03-08 00:34:40,POZO-001,mantenimiento_preventivo,2.1,9.1,11610.0
2025-03-08 06:34:40,POZO-001,normal,0,0,0
2025-03-08 12:34:40,POZO-001,ajuste_parametros,2.4,8.8,1430.0
2025-03-08 18:34:40,POZO-003,obstruccion,8.4,48.7,45880.0
2025-03-09 00:34:40,POZO-002,mantenimiento_preventivo,4.7,14.0,5730.0
2025-03-09 06:34:40,POZO-002,falla_bomba,22.6,68.7,85781.0
2025-03-09 12:34:40,POZO-001,normal,0,0,0
2025-03-09 18:34:40,POZO-001,alarma_falsa,1.7,3.8,7021.0
2025-03-10 00:34:40,POZO-001,fuga_menor,0.8,16.7,6977.0
2025-03-10 06:34:40,POZO-003,normal,0,0,0
2025-03-10 12:34:40,POZO-002,normal,0,0,0
2025-03-10 18:34:40,POZO-002,normal,0,0,0
2025-03-11 00:34:40,POZO-003,normal,0,0,0
2025-03-11 06:34:40,POZO-001,fuga_menor,1.9,8.6,3092.0
2025-03-11 12:34:40,POZO-001,normal,0,0,0
2025-03-11 18:34:40,POZO-001,normal,0,0,0
2025-03-12 00:34:40,POZO-003,normal,0,0,0
2025-03-12 06:34:40,POZO-002,normal,0,0,0
2025-03-12 12:34:40,POZO-001,normal,0,0,0
2025-03-12 18:34:40,POZO-002,mantenimiento_preventivo,4.2,6.0,8278.0
2025-03-13 00:34:40,POZO-002,falla_bomba,14.0,99.5,156880.0
2025-03-13 06:34:40,POZO-003,normal,0,0,0
2025-03-13 12:34:40,POZO-001,normal,0,0,0
2025-03-13 18:34:40,POZO-003,mantenimiento_preventivo,6.1,19.6,15406.0
2025-03-14 00:34:40,POZO-002,normal,0,0,0
2025-03-14 06:34:40,POZO-003,normal,0,0,0
2025-03-14 12:34:40,POZO-003,normal,0,0,0
2025-03-14 18:34:40,POZO-002,normal,0,0,0
2025-03-15 00:34:40,POZO-003,normal,0,0,0
2025-03-15 06:34:40,POZO-003,mantenimiento_preventivo,3.4,13.8,19826.0
2025-03-15 12:34:40,POZO-001,normal,0,0,0
2025-03-15 18:34:40,POZO-001,normal,0,0,0
2025-03-16 00:34:40,POZO-003,normal,0,0,0
2025-03-16 06:34:40,POZO-001,mantenimiento_preventivo,2.4,10.6,9449.0
2025-03-16 12:34:40,POZO-001,normal,0,0,0
2025-03-16 18:34:40,POZO-003,normal,0,0,0
2025-03-17 00:34:40,POZO-003,normal,0,0,0
2025-03-17 06:34:40,POZO-002,mantenimiento_preventivo,4.0,9.2,14654.0
2025-03-17 12:34:40,POZO-001,normal,0,0,0
2025-03-17 18:34:40,POZO-002,mantenimiento_preventivo,3.7,5.4,17704.0
2025-03-18 00:34:40,POZO-002,normal,0,0,0
2025-03-18 06:34:40,POZO-001,normal,0,0,0
2025-03-18 12:34:40,POZO-003,alarma_falsa,3.3,13.9,3002.0
2025-03-18 18:34:40,POZO-002,normal,0,0,0
2025-03-19 00:34:40,POZO-001,normal,0,0,0
2025-03-19 06:34:40,POZO-001,normal,0,0,0
2025-03-19 12:34:40,POZO-002,normal,0,0,0
2025-03-19 18:34:40,POZO-001,normal,0,0,0
2025-03-20 00:34:40,POZO-001,fuga_menor,0.9,3.5,5940.0
2025-03-20 06:34:40,POZO-001,normal,0,0,0
2025-03-20 12:34:40,POZO-001,normal,0,0,0
2025-03-20 18:34:40,POZO-002,normal,0,0,0
2025-03-21 00:34:40,POZO-003,normal,0,0,0
2025-03-21 06:34:40,POZO-002,normal,0,0,0
2025-03-21 12:34:40,POZO-001,normal,0,0,0
2025-03-21 18:34:40,POZO-003,normal,0,0,0
2025-03-22 00:34:40,POZO-003,normal,0,0,0
2025-03-22 06:34:40,POZO-002,normal,0,0,0
2025-03-22 12:34:40,POZO-002,normal,0,0,0
2025-03-22 18:34:40,POZO-001,normal,0,0,0
2025-03-23 00:34:40,POZO-002,normal,0,0,0
2025-03-23 06:34:40,POZO-003,normal,0,0,0
2025-03-23 12:34:40,POZO-001,obstruccion,9.9,20.8,25257.0
2025-03-23 18:34:40,POZO-001,falla_bomba,22.4,79.8,72920.0
2025-03-24 00:34:40,POZO-003,normal,0,0,0
2025-03-24 06:34:40,POZO-002,normal,0,0,0
2025-03-24 12:34:40,POZO-002,normal,0,0,0
2025-03-24 18:34:40,POZO-003,mantenimiento_preventivo,2.4,7.0,12039.0
2025-03-25 00:34:40,POZO-001,ajuste_parametros,0.5,17.2,7573.0
2025-03-25 06:34:40,POZO-002,normal,0,0,0
2025-03-25 12:34:40,POZO-002,fuga_menor,3.9,7.5,5406.0
2025-03-25 18:34:40,POZO-003,alarma_falsa,0.7,17.7,9932.0
2025-03-26 00:34:40,POZO-001,normal,0,0,0
2025-03-26 06:34:40,POZO-003,normal,0,0,0
2025-03-26 12:34:40,POZO-002,fuga_menor,3.2,15.0,4137.0
2025-03-26 18:34:40,POZO-003,normal,0,0,0
2025-03-27 00:34:40,POZO-003,normal,0,0,0
2025-03-27 06:34:40,POZO-001,mantenimiento_preventivo,7.6,16.0,8635.0
2025-03-27 12:34:40,POZO-001,ajuste_parametros,1.8,14.1,1254.0
2025-03-27 18:34:40,POZO-003,mantenimiento_preventivo,3.6,11.8,15216.0
2025-03-28 00:34:40,POZO-002,normal,0,0,0
2025-03-28 06:34:40,POZO-003,fuga_menor,3.4,0.2,7939.0
2025-03-28 12:34:40,POZO-003,mantenimiento_preventivo,4.3,15.6,19612.0
2025-03-28 18:34:40,POZO-001,normal,0,0,0
2025-03-29 00:34:40,POZO-001,ajuste_parametros,1.1,8.5,7227.0
2025-03-29 06:34:40,POZO-003,fuga_menor,2.8,7.7,3772.0
2025-03-29 12:34:40,POZO-002,falla_bomba,22.5,93.5,66391.0
2025-03-29 18:34:40,POZO-003,falla_bomba,10.9,57.1,162310.0
2025-03-30 00:34:40,POZO-003,normal,0,0,0
2025-03-30 06:34:40,POZO-002,normal,0,0,0
2025-03-30 12:34:40,POZO-001,obstruccion,2.0,22.8,37853.0
2025-03-30 18:34:40,POZO-003,normal,0,0,0
2025-03-31 00:34:40,POZO-002,mantenimiento_preventivo,3.0,10.6,15561.0
2025-03-31 06:34:40,POZO-001,normal,0,0,0
2025-03-31 12:34:40,POZO-003,fuga_menor,2.1,16.3,2671.0
2025-03-31 18:34:40,POZO-001,mantenimiento_preventivo,6.9,7.9,19744.0
2025-04-01 00:34:40,POZO-002,normal,0,0,0
2025-04-01 06:34:40,POZO-003,normal,0,0,0
2025-04-01 12:34:40,POZO-003,normal,0,0,0
2025-04-01 18:34:40,POZO-002,normal,0,0,0
2025-04-02 00:34:40,POZO-001,normal,0,0,0
2025-04-02 06:34:40,POZO-002,normal,0,0,0
2025-04-02 12:34:40,POZO-001,normal,0,0,0
2025-04-02 18:34:40,POZO-003,falla_bomba,4.2,63.3,193282.0
2025-04-03 00:34:40,POZO-003,normal,0,0,0
2025-04-03 06:34:40,POZO-001,normal,0,0,0
2025-04-03 12:34:40,POZO-003,falla_bomba,11.5,76.0,194309.0
2025-04-03 18:34:40,POZO-002,fuga_menor,2.2,6.7,4865.0
2025-04-04 00:34:40,POZO-002,mantenimiento_preventivo,4.1,9.7,8594.0
2025-04-04 06:34:40,POZO-002,mantenimiento_preventivo,4.3,5.9,10340.0
2025-04-04 12:34:40,POZO-002,obstruccion,2.0,54.8,26072.0
2025-04-04 18:34:40,POZO-001,normal,0,0,0
2025-04-05 00:34:40,POZO-001,ajuste_parametros,1.5,14.0,8335.0
2025-04-05 06:34:40,POZO-002,normal,0,0,0
2025-04-05 12:34:40,POZO-003,mantenimiento_preventivo,4.9,11.2,7819.0
2025-04-05 18:34:40,POZO-003,fuga_menor,3.3,0.3,4242.0
2025-04-06 00:34:40,POZO-001,fuga_menor,3.1,13.6,3102.0
2025-04-06 06:34:40,POZO-002,normal,0,0,0
2025-04-06 12:34:40,POZO-003,falla_bomba,11.0,97.0,191222.0
2025-04-06 18:34:40,POZO-002,alarma_falsa,3.5,18.1,7608.0
2025-04-07 00:34:40,POZO-002,mantenimiento_preventivo,6.3,18.0,18144.0
2025-04-07 06:34:40,POZO-003,normal,0,0,0
2025-04-07 12:34:40,POZO-001,normal,0,0,0
2025-04-07 18:34:40,POZO-001,normal,0,0,0
2025-04-08 00:34:40,POZO-003,alarma_falsa,4.0,9.3,9068.0
2025-04-08 06:34:40,POZO-001,normal,0,0,0
2025-04-08 12:34:40,POZO-003,normal,0,0,0
2025-04-08 18:34:40,POZO-001,normal,0,0,0
2025-04-09 00:34:40,POZO-003,mantenimiento_preventivo,2.6,19.9,5438.0
2025-04-09 06:34:40,POZO-002,ajuste_parametros,3.2,4.4,3319.0
2025-04-09 12:34:40,POZO-002,fuga_menor,2.8,13.3,9305.0
2025-04-09 18:34:40,POZO-003,mantenimiento_preventivo,2.5,15.4,18079.0
2025-04-10 00:34:40,POZO-003,falla_bomba,16.0,82.2,106552.0
2025-04-10 06:34:40,POZO-003,mantenimiento_preventivo,6.4,14.8,16776.0
2025-04-10 12:34:40,POZO-002,obstruccion,4.2,24.6,13507.0
2025-04-10 18:34:40,POZO-001,normal,0,0,0
2025-04-11 00:34:40,POZO-003,fuga_menor,3.1,2.3,4310.0
2025-04-11 06:34:40,POZO-002,fuga_menor,2.5,0.0,1557.0
2025-04-11 12:34:40,POZO-003,normal,0,0,0
2025-04-11 18:34:40,POZO-002,alarma_falsa,1.6,7.3,7114.0
2025-04-12 00:34:40,POZO-001,normal,0,0,0
2025-04-12 06:34:40,POZO-003,normal,0,0,0
2025-04-12 12:34:40,POZO-001,normal,0,0,0
2025-04-12 18:34:40,POZO-003,ajuste_parametros,1.6,16.3,3671.0
2025-04-13 00:34:40,POZO-001,normal,0,0,0
2025-04-13 06:34:40,POZO-002,normal,0,0,0
2025-04-13 12:34:40,POZO-002,normal,0,0,0
2025-04-13 18:34:40,POZO-003,obstruccion,10.3,21.4,22806.0
2025-04-14 00:34:40,POZO-003,alarma_falsa,0.9,19.9,7359.0
2025-04-14 06:34:40,POZO-002,mantenimiento_preventivo,3.3,9.4,19497.0
2025-04-14 12:34:40,POZO-001,alarma_falsa,1.7,16.6,2896.0
2025-04-14 18:34:40,POZO-003,fuga_menor,1.3,14.7,9308.0
2025-04-15 00:34:40,POZO-001,ajuste_parametros,3.0,6.0,8335.0
2025-04-15 06:34:40,POZO-001,alarma_falsa,2.4,6.7,7101.0
2025-04-15 12:34:40,POZO-002,falla_bomba,11.8,76.4,92456.0
2025-04-15 18:34:40,POZO-003,ajuste_parametros,3.0,11.0,1876.0
2025-04-16 00:34:40,POZO-002,falla_bomba,15.6,90.3,177471.0
2025-04-16 06:34:40,POZO-003,normal,0,0,0
2025-04-16 12:34:40,POZO-003,normal,0,0,0
2025-04-16 18:34:40,POZO-001,normal,0,0,0
2025-04-17 00:34:40,POZO-002,normal,0,0,0
2025-04-17 06:34:40,POZO-001,normal,0,0,0
2025-04-17 12:34:40,POZO-003,normal,0,0,0
2025-04-17 18:34:40,POZO-003,normal,0,0,0
2025-04-18 00:34:40,POZO-003,ajuste_parametros,0.9,15.7,8726.0
2025-04-18 06:34:40,POZO-002,fuga_menor,2.0,16.8,9334.0
2025-04-18 12:34:40,POZO-001,normal,0,0,0
2025-04-18 18:34:40,POZO-002,normal,0,0,0
2025-04-19 00:34:40,POZO-001,normal,0,0,0
2025-04-19 06:34:40,POZO-003,mantenimiento_preventivo,5.6,19.5,14405.0
2025-04-19 12:34:40,POZO-002,normal,0,0,0
2025-04-19 18:34:40,POZO-001,normal,0,0,0
2025-04-20 00:34:40,POZO-002,normal,0,0,0
2025-04-20 06:34:40,POZO-003,fuga_menor,2.8,7.5,7226.0
2025-04-20 12:34:40,POZO-003,mantenimiento_preventivo,6.7,18.0,14755.0
2025-04-20 18:34:40,POZO-002,mantenimiento_preventivo,4.7,5.2,6749.0
2025-04-21 00:34:40,POZO-001,normal,0,0,0
2025-04-21 06:34:40,POZO-003,ajuste_parametros,1.3,11.7,9886.0
2025-04-21 12:34:40,POZO-002,normal,0,0,0
2025-04-21 18:34:40,POZO-003,normal,0,0,0
2025-04-22 00:34:40,POZO-003,normal,0,0,0
2025-04-22 06:34:40,POZO-002,alarma_falsa,3.0,6.0,2127.0
2025-04-22 12:34:40,POZO-002,normal,0,0,0
2025-04-22 18:34:40,POZO-003,normal,0,0,0
2025-04-23 00:34:40,POZO-003,normal,0,0,0
2025-04-23 06:34:40,POZO-003,obstruccion,9.8,41.2,12557.0
2025-04-23 12:34:40,POZO-003,normal,0,0,0
2025-04-23 18:34:40,POZO-003,normal,0,0,0
2025-04-24 00:34:40,POZO-001,fuga_menor,3.6,3.6,6392.0
2025-04-24 06:34:40,POZO-001,normal,0,0,0
2025-04-24 12:34:40,POZO-002,obstruccion,3.2,25.2,18249.0
2025-04-24 18:34:40,POZO-001,normal,0,0,0
2025-04-25 00:34:40,POZO-002,ajuste_parametros,0.6,19.6,5555.0
2025-04-25 06:34:40,POZO-002,fuga_menor,1.1,19.5,6923.0
2025-04-25 12:34:40,POZO-001,normal,0,0,0
2025-04-25 18:34:40,POZO-003,ajuste_parametros,1.5,10.7,2259.0
2025-04-26 00:34:40,POZO-002,mantenimiento_preventivo,5.1,19.8,10282.0
2025-04-26 06:34:40,POZO-003,normal,0,0,0
2025-04-26 12:34:40,POZO-003,normal,0,0,0
2025-04-26 18:34:40,POZO-001,normal,0,0,0
2025-04-27 00:34:40,POZO-001,normal,0,0,0
2025-04-27 06:34:40,POZO-001,fuga_menor,2.6,4.3,4232.0
2025-04-27 12:34:40,POZO-001,mantenimiento_preventivo,4.5,13.2,8910.0
2025-04-27 18:34:40,POZO-003,ajuste_parametros,1.9,1.7,3288.0
2025-04-28 00:34:40,POZO-002,fuga_menor,1.0,4.1,6666.0
2025-04-28 06:34:40,POZO-002,alarma_falsa,2.9,3.9,4349.0
2025-04-28 12:34:40,POZO-003,mantenimiento_preventivo,5.1,7.5,17324.0
2025-04-28 18:34:40,POZO-002,alarma_falsa,2.0,0.5,6432.0
2025-04-29 00:34:40,POZO-001,normal,0,0,0
2025-04-29 06:34:40,POZO-003,normal,0,0,0
2025-04-29 12:34:40,POZO-003,normal,0,0,0
2025-04-29 18:34:40,POZO-002,mantenimiento_preventivo,4.2,10.0,9099.0
2025-04-30 00:34:40,POZO-001,normal,0,0,0
2025-04-30 06:34:40,POZO-001,normal,0,0,0
2025-04-30 12:34:40,POZO-001,normal,0,0,0
2025-04-30 18:34:40,POZO-001,falla_bomba,6.5,76.3,181327.0
2025-05-01 00:34:40,POZO-003,obstruccion,6.9,41.2,38018.0
2025-05-01 06:34:40,POZO-002,normal,0,0,0
2025-05-01 12:34:40,POZO-003,normal,0,0,0
2025-05-01 18:34:40,POZO-001,normal,0,0,0
2025-05-02 00:34:40,POZO-002,normal,0,0,0
2025-05-02 06:34:40,POZO-003,mantenimiento_preventivo,6.7,13.3,18230.0
2025-05-02 12:34:40,POZO-002,normal,0,0,0
2025-05-02 18:34:40,POZO-001,normal,0,0,0
2025-05-03 00:34:40,POZO-003,normal,0,0,0
2025-05-03 06:34:40,POZO-001,mantenimiento_preventivo,2.9,13.5,9011.0
2025-05-03 12:34:40,POZO-003,mantenimiento_preventivo,4.2,16.7,15173.0
2025-05-03 18:34:40,POZO-002,mantenimiento_preventivo,3.1,19.8,16977.0
2025-05-04 00:34:40,POZO-003,normal,0,0,0
2025-05-04 06:34:40,POZO-002,normal,0,0,0
2025-05-04 12:34:40,POZO-003,ajuste_parametros,3.3,6.1,8721.0
2025-05-04 18:34:40,POZO-002,normal,0,0,0
2025-05-05 00:34:40,POZO-002,obstruccion,8.3,23.1,19601.0
2025-05-05 06:34:40,POZO-001,normal,0,0,0
2025-05-05 12:34:40,POZO-001,normal,0,0,0
2025-05-05 18:34:40,POZO-002,normal,0,0,0
2025-05-06 00:34:40,POZO-002,obstruccion,2.1,57.9,37081.0
2025-05-06 06:34:40,POZO-003,normal,0,0,0
2025-05-06 12:34:40,POZO-002,normal,0,0,0
2025-05-06 18:34:40,POZO-003,ajuste_parametros,2.9,8.1,6547.0
2025-05-07 00:34:40,POZO-003,normal,0,0,0
2025-05-07 06:34:40,POZO-002,mantenimiento_preventivo,6.5,8.7,16085.0
2025-05-07 12:34:40,POZO-003,mantenimiento_preventivo,2.3,11.7,7528.0
2025-05-07 18:34:40,POZO-003,ajuste_parametros,1.1,7.3,2200.0
2025-05-08 00:34:40,POZO-002,fuga_menor,2.0,7.6,4360.0
2025-05-08 06:34:40,POZO-001,normal,0,0,0
2025-05-08 12:34:40,POZO-003,normal,0,0,0
2025-05-08 18:34:40,POZO-003,ajuste_parametros,3.5,5.8,5348.0
2025-05-09 00:34:40,POZO-002,normal,0,0,0
2025-05-09 06:34:40,POZO-003,mantenimiento_preventivo,4.4,18.8,18937.0
2025-05-09 12:34:40,POZO-003,normal,0,0,0
2025-05-09 18:34:40,POZO-001,fuga_menor,3.6,17.0,1517.0
2025-05-10 00:34:40,POZO-001,mantenimiento_preventivo,4.0,10.3,5077.0
2025-05-10 06:34:40,POZO-003,normal,0,0,0
2025-05-10 12:34:40,POZO-002,normal,0,0,0
2025-05-10 18:34:40,POZO-002,normal,0,0,0
2025-05-11 00:34:40,POZO-001,normal,0,0,0
2025-05-11 06:34:40,POZO-001,normal,0,0,0
2025-05-11 12:34:40,POZO-002,normal,0,0,0
2025-05-11 18:34:40,POZO-003,normal,0,0,0
2025-05-12 00:34:40,POZO-002,normal,0,0,0
2025-05-12 06:34:40,POZO-002,normal,0,0,0
2025-05-12 12:34:40,POZO-001,normal,0,0,0
2025-05-12 18:34:40,POZO-002,normal,0,0,0
2025-05-13 00:34:40,POZO-002,mantenimiento_preventivo,4.6,7.1,16206.0
2025-05-13 06:34:40,POZO-001,normal,0,0,0
2025-05-13 12:34:40,POZO-003,normal,0,0,0
2025-05-13 18:34:40,POZO-001,normal,0,0,0
2025-05-14 00:34:40,POZO-001,normal,0,0,0
2025-05-14 06:34:40,POZO-003,normal,0,0,0
2025-05-14 12:34:40,POZO-001,normal,0,0,0
2025-05-14 18:34:40,POZO-001,fuga_menor,3.9,19.7,2069.0
2025-05-15 00:34:40,POZO-002,normal,0,0,0
2025-05-15 06:34:40,POZO-003,mantenimiento_preventivo,3.9,16.5,18226.0
2025-05-15 12:34:40,POZO-003,mantenimiento_preventivo,6.5,17.4,6971.0
2025-05-15 18:34:40,POZO-001,falla_bomba,6.5,67.2,52047.0
2025-05-16 00:34:40,POZO-003,normal,0,0,0
2025-05-16 06:34:40,POZO-003,obstruccion,6.3,43.9,10321.0
2025-05-16 12:34:40,POZO-002,normal,0,0,0
2025-05-16 18:34:40,POZO-002,normal,0,0,0
2025-05-17 00:34:40,POZO-002,normal,0,0,0
2025-05-17 06:34:40,POZO-001,mantenimiento_preventivo,3.1,9.2,6725.0
2025-05-17 12:34:40,POZO-002,alarma_falsa,1.4,16.4,2786.0
2025-05-17 18:34:40,POZO-003,falla_bomba,6.1,86.5,141665.0
2025-05-18 00:34:40,POZO-001,alarma_falsa,2.6,12.7,3064.0
2025-05-18 06:34:40,POZO-001,normal,0,0,0
2025-05-18 12:34:40,POZO-002,alarma_falsa,3.8,8.5,6548.0
2025-05-18 18:34:40,POZO-001,ajuste_parametros,1.8,10.5,7301.0
2025-05-19 00:34:40,POZO-001,normal,0,0,0
2025-05-19 06:34:40,POZO-002,normal,0,0,0
2025-05-19 12:34:40,POZO-003,normal,0,0,0
2025-05-19 18:34:40,POZO-001,normal,0,0,0
2025-05-20 00:34:40,POZO-002,normal,0,0,0
2025-05-20 06:34:40,POZO-002,mantenimiento_preventivo,3.5,18.4,7726.0
2025-05-20 12:34:40,POZO-001,normal,0,0,0
2025-05-20 18:34:40,POZO-003,normal,0,0,0
2025-05-21 00:34:40,POZO-002,normal,0,0,0
2025-05-21 06:34:40,POZO-003,normal,0,0,0
2025-05-21 12:34:40,POZO-001,normal,0,0,0
2025-05-21 18:34:40,POZO-002,normal,0,0,0
2025-05-22 00:34:40,POZO-002,normal,0,0,0
2025-05-22 06:34:40,POZO-003,normal,0,0,0
2025-05-22 12:34:40,POZO-003,falla_bomba,6.6,68.0,171505.0
2025-05-22 18:34:40,POZO-003,falla_bomba,14.6,68.6,147537.0
2025-05-23 00:34:40,POZO-001,normal,0,0,0
2025-05-23 06:34:40,POZO-001,ajuste_parametros,1.0,14.9,2083.0
2025-05-23 12:34:40,POZO-003,fuga_menor,3.6,16.3,2736.0
2025-05-23 18:34:40,POZO-002,ajuste_parametros,0.8,10.9,4086.0
2025-05-24 00:34:40,POZO-003,normal,0,0,0
2025-05-24 06:34:40,POZO-001,normal,0,0,0
2025-05-24 12:34:40,POZO-001,normal,0,0,0
2025-05-24 18:34:40,POZO-001,normal,0,0,0
2025-05-25 00:34:40,POZO-003,normal,0,0,0
2025-05-25 06:34:40,POZO-003,alarma_falsa,3.6,9.0,7456.0
2025-05-25 12:34:40,POZO-002,normal,0,0,0
2025-05-25 18:34:40,POZO-002,normal,0,0,0
2025-05-26 00:34:40,POZO-003,falla_bomba,7.3,63.7,195123.0
2025-05-26 06:34:40,POZO-002,normal,0,0,0
2025-05-26 12:34:40,POZO-003,normal,0,0,0
2025-05-26 18:34:40,POZO-003,normal,0,0,0
2025-05-27 00:34:40,POZO-002,normal,0,0,0
2025-05-27 06:34:40,POZO-003,ajuste_parametros,3.9,3.3,7757.0
2025-05-27 12:34:40,POZO-002,normal,0,0,0
2025-05-27 18:34:40,POZO-002,normal,0,0,0
2025-05-28 00:34:40,POZO-002,normal,0,0,0
2025-05-28 06:34:40,POZO-001,normal,0,0,0
2025-05-28 12:34:40,POZO-001,normal,0,0,0
2025-05-28 18:34:40,POZO-001,ajuste_parametros,3.3,9.1,7370.0
2025-05-29 00:34:40,POZO-003,normal,0,0,0
2025-05-29 06:34:40,POZO-001,normal,0,0,0
2025-05-29 12:34:40,POZO-002,normal,0,0,0
2025-05-29 18:34:40,POZO-001,normal,0,0,0
2025-05-30 00:34:40,POZO-003,normal,0,0,0
2025-05-30 06:34:40,POZO-001,mantenimiento_preventivo,7.7,9.2,6995.0
2025-05-30 12:34:40,POZO-001,mantenimiento_preventivo,3.5,17.4,13019.0
2025-05-30 18:34:40,POZO-001,mantenimiento_preventivo,5.8,19.6,9868.0
2025-05-31 00:34:40,POZO-003,ajuste_parametros,1.4,2.7,9085.0
2025-05-31 06:34:40,POZO-002,normal,0,0,0
2025-05-31 12:34:40,POZO-001,mantenimiento_preventivo,2.1,10.3,15957.0
2025-05-31 18:34:40,POZO-002,normal,0,0,0
2025-06-01 00:34:40,POZO-001,normal,0,0,0
2025-06-01 06:34:40,POZO-003,normal,0,0,0
2025-06-01 12:34:40,POZO-003,mantenimiento_preventivo,7.7,8.9,14393.0
2025-06-01 18:34:40,POZO-003,normal,0,0,0
2025-06-02 00:34:40,POZO-002,normal,0,0,0
2025-06-02 06:34:40,POZO-002,normal,0,0,0
2025-06-02 12:34:40,POZO-003,obstruccion,9.5,26.2,19269.0
2025-06-02 18:34:40,POZO-003,normal,0,0,0
2025-06-03 00:34:40,POZO-001,ajuste_parametros,0.8,3.6,2665.0
2025-06-03 06:34:40,POZO-001,normal,0,0,0
2025-06-03 12:34:40,POZO-002,fuga_menor,1.1,5.6,3791.0
2025-06-03 18:34:40,POZO-001,obstruccion,8.9,27.5,15741.0
2025-06-04 00:34:40,POZO-002,normal,0,0,0
2025-06-04 06:34:40,POZO-003,alarma_falsa,0.9,10.5,7541.0
2025-06-04 12:34:40,POZO-001,mantenimiento_preventivo,4.3,5.3,17398.0
2025-06-04 18:34:40,POZO-003,fuga_menor,1.0,15.4,3409.0
2025-06-05 00:34:40,POZO-003,normal,0,0,0
2025-06-05 06:34:40,POZO-001,fuga_menor,0.9,14.7,4046.0
2025-06-05 12:34:40,POZO-003,normal,0,0,0
2025-06-05 18:34:40,POZO-001,normal,0,0,0
2025-06-06 00:34:40,POZO-003,ajuste_parametros,3.4,6.1,5310.0
2025-06-06 06:34:40,POZO-001,normal,0,0,0
2025-06-06 12:34:40,POZO-003,normal,0,0,0
2025-06-06 18:34:40,POZO-003,normal,0,0,0
2025-06-07 00:34:40,POZO-001,normal,0,0,0
2025-06-07 06:34:40,POZO-002,normal,0,0,0
2025-06-07 12:34:40,POZO-002,normal,0,0,0
2025-06-07 18:34:40,POZO-001,normal,0,0,0
2025-06-08 00:34:40,POZO-002,normal,0,0,0
2025-06-08 06:34:40,POZO-002,mantenimiento_preventivo,3.4,18.2,10771.0
2025-06-08 12:34:40,POZO-003,obstruccion,3.1,26.8,14405.0
2025-06-08 18:34:40,POZO-001,fuga_menor,1.5,1.5,4004.0
2025-06-09 00:34:40,POZO-002,ajuste_parametros,3.7,17.9,6441.0
2025-06-09 06:34:40,POZO-001,normal,0,0,0
2025-06-09 12:34:40,POZO-002,normal,0,0,0
2025-06-09 18:34:40,POZO-003,normal,0,0,0
2025-06-10 00:34:40,POZO-003,mantenimiento_preventivo,5.7,9.3,18131.0
2025-06-10 06:34:40,POZO-002,ajuste_parametros,2.8,18.7,8296.0
2025-06-10 12:34:40,POZO-003,falla_bomba,19.8,93.1,196707.0
2025-06-10 18:34:40,POZO-003,normal,0,0,0
2025-06-11 00:34:40,POZO-001,normal,0,0,0
2025-06-11 06:34:40,POZO-003,falla_bomba,23.5,90.7,66975.0
2025-06-11 12:34:40,POZO-002,fuga_menor,1.5,1.8,9953.0
2025-06-11 18:34:40,POZO-001,falla_bomba,11.1,74.7,122193.0
2025-06-12 00:34:40,POZO-002,mantenimiento_preventivo,5.8,7.1,19160.0
2025-06-12 06:34:40,POZO-001,normal,0,0,0
2025-06-12 12:34:40,POZO-003,normal,0,0,0
2025-06-12 18:34:40,POZO-003,normal,0,0,0
2025-06-13 00:34:40,POZO-003,obstruccion,5.8,43.2,26874.0
2025-06-13 06:34:40,POZO-003,falla_bomba,20.2,61.0,63088.0
2025-06-13 12:34:40,POZO-002,normal,0,0,0
2025-06-13 18:34:40,POZO-001,normal,0,0,0
2025-06-14 00:34:40,POZO-002,fuga_menor,3.7,1.2,4144.0
2025-06-14 06:34:40,POZO-001,normal,0,0,0
2025-06-14 12:34:40,POZO-001,obstruccion,7.5,57.3,26843.0
2025-06-14 18:34:40,POZO-001,obstruccion,2.6,25.5,48482.0
2025-06-15 00:34:40,POZO-003,normal,0,0,0
2025-06-15 06:34:40,POZO-003,normal,0,0,0
2025-06-15 12:34:40,POZO-002,normal,0,0,0
2025-06-15 18:34:40,POZO-003,normal,0,0,0
2025-06-16 00:34:40,POZO-003,normal,0,0,0
2025-06-16 06:34:40,POZO-003,ajuste_parametros,0.6,7.3,1711.0
2025-06-16 12:34:40,POZO-001,normal,0,0,0
2025-06-16 18:34:40,POZO-002,normal,0,0,0
2025-06-17 00:34:40,POZO-001,normal,0,0,0
2025-06-17 06:34:40,POZO-001,mantenimiento_preventivo,6.2,9.5,11173.0
2025-06-17 12:34:40,POZO-002,normal,0,0,0
2025-06-17 18:34:40,POZO-003,mantenimiento_preventivo,3.7,7.3,18217.0
2025-06-18 00:34:40,POZO-001,mantenimiento_preventivo,3.0,7.4,10946.0
2025-06-18 06:34:40,POZO-002,mantenimiento_preventivo,7.3,13.3,17443.0
2025-06-18 12:34:40,POZO-003,normal,0,0,0
2025-06-18 18:34:40,POZO-003,normal,0,0,0
2025-06-19 00:34:40,POZO-001,normal,0,0,0
2025-06-19 06:34:40,POZO-001,normal,0,0,0
2025-06-19 12:34:40,POZO-001,mantenimiento_preventivo,4.4,5.8,10884.0
2025-06-19 18:34:40,POZO-003,alarma_falsa,2.6,1.5,7232.0
2025-06-20 00:34:40,POZO-002,normal,0,0,0
2025-06-20 06:34:40,POZO-003,normal,0,0,0
2025-06-20 12:34:40,POZO-002,normal,0,0,0
2025-06-20 18:34:40,POZO-002,mantenimiento_preventivo,3.2,6.6,6167.0
2025-06-21 00:34:40,POZO-003,falla_bomba,10.7,62.0,74414.0
2025-06-21 06:34:40,POZO-001,normal,0,0,0
2025-06-21 12:34:40,POZO-003,normal,0,0,0
2025-06-21 18:34:40,POZO-002,normal,0,0,0
2025-06-22 00:34:40,POZO-001,mantenimiento_preventivo,2.2,9.0,19650.0
2025-06-22 06:34:40,POZO-003,normal,0,0,0
2025-06-22 12:34:40,POZO-002,normal,0,0,0
2025-06-22 18:34:40,POZO-002,normal,0,0,0
2025-06-23 00:34:40,POZO-002,normal,0,0,0
2025-06-23 06:34:40,POZO-002,falla_bomba,23.2,75.0,97171.0
2025-06-23 12:34:40,POZO-002,mantenimiento_preventivo,7.8,15.5,6461.0
2025-06-23 18:34:40,POZO-002,ajuste_parametros,2.3,10.0,7976.0
2025-06-24 00:34:40,POZO-001,normal,0,0,0
2025-06-24 06:34:40,POZO-002,normal,0,0,0
2025-06-24 12:34:40,POZO-001,normal,0,0,0
2025-06-24 18:34:40,POZO-001,mantenimiento_preventivo,2.5,14.4,19292.0
2025-06-25 00:34:40,POZO-001,ajuste_parametros,3.3,13.1,7919.0
2025-06-25 06:34:40,POZO-001,alarma_falsa,2.3,19.8,6479.0
2025-06-25 12:34:40,POZO-003,fuga_menor,1.7,15.7,4051.0
2025-06-25 18:34:40,POZO-002,mantenimiento_preventivo,7.6,5.6,15691.0
2025-06-26 00:34:40,POZO-003,normal,0,0,0
2025-06-26 06:34:40,POZO-001,alarma_falsa,2.6,19.2,6102.0
2025-06-26 12:34:40,POZO-002,normal,0,0,0
2025-06-26 18:34:40,POZO-001,normal,0,0,0
2025-06-27 00:34:40,POZO-002,normal,0,0,0
2025-06-27 06:34:40,POZO-001,normal,0,0,0
2025-06-27 12:34:40,POZO-002,normal,0,0,0
2025-06-27 18:34:40,POZO-002,normal,0,0,0
2025-06-28 00:34:40,POZO-002,normal,0,0,0
2025-06-28 06:34:40,POZO-002,normal,0,0,0
2025-06-28 12:34:40,POZO-001,mantenimiento_preventivo,4.8,19.8,19677.0
2025-06-28 18:34:40,POZO-002,mantenimiento_preventivo,2.8,6.9,13531.0
2025-06-29 00:34:40,POZO-001,normal,0,0,0
2025-06-29 06:34:40,POZO-002,normal,0,0,0
2025-06-29 12:34:40,POZO-003,ajuste_parametros,1.0,7.3,8604.0
2025-06-29 18:34:40,POZO-002,normal,0,0,0
2025-06-30 00:34:40,POZO-003,normal,0,0,0
2025-06-30 06:34:40,POZO-002,normal,0,0,0
2025-06-30 12:34:40,POZO-003,normal,0,0,0
2025-06-30 18:34:40,POZO-003,normal,0,0,0
2025-07-01 00:34:40,POZO-001,mantenimiento_preventivo,5.4,7.3,6579.0
2025-07-01 06:34:40,POZO-002,normal,0,0,0
2025-07-01 12:34:40,POZO-002,ajuste_parametros,1.3,17.5,7022.0
2025-07-01 18:34:40,POZO-002,normal,0,0,0
2025-07-02 00:34:40,POZO-003,normal,0,0,0
2025-07-02 06:34:40,POZO-002,normal,0,0,0
2025-07-02 12:34:40,POZO-001,mantenimiento_preventivo,7.5,18.8,16523.0
2025-07-02 18:34:40,POZO-001,normal,0,0,0
2025-07-03 00:34:40,POZO-001,normal,0,0,0
2025-07-03 06:34:40,POZO-003,normal,0,0,0
2025-07-03 12:34:40,POZO-003,mantenimiento_preventivo,2.7,11.8,13176.0
2025-07-03 18:34:40,POZO-002,normal,0,0,0
2025-07-04 00:34:40,POZO-001,normal,0,0,0
2025-07-04 06:34:40,POZO-001,alarma_falsa,3.2,1.2,8277.0
2025-07-04 12:34:40,POZO-002,alarma_falsa,1.2,4.2,1206.0
2025-07-04 18:34:40,POZO-003,normal,0,0,0
2025-07-05 00:34:40,POZO-002,mantenimiento_preventivo,2.5,6.0,11076.0
2025-07-05 06:34:40,POZO-002,ajuste_parametros,2.1,8.4,2927.0
2025-07-05 12:34:40,POZO-002,normal,0,0,0
2025-07-05 18:34:40,POZO-001,normal,0,0,0
2025-07-06 00:34:40,POZO-002,normal,0,0,0
2025-07-06 06:34:40,POZO-002,normal,0,0,0
2025-07-06 12:34:40,POZO-002,fuga_menor,2.2,10.7,8055.0
2025-07-06 18:34:40,POZO-003,normal,0,0,0
2025-07-07 00:34:40,POZO-003,normal,0,0,0
2025-07-07 06:34:40,POZO-001,normal,0,0,0
2025-07-07 12:34:40,POZO-003,normal,0,0,0
2025-07-07 18:34:40,POZO-003,mantenimiento_preventivo,5.7,9.9,19796.0
2025-07-08 00:34:40,POZO-003,mantenimiento_preventivo,6.4,9.7,7258.0
2025-07-08 06:34:40,POZO-002,fuga_menor,2.2,6.3,8128.0
2025-07-08 12:34:40,POZO-003,normal,0,0,0
2025-07-08 18:34:40,POZO-003,mantenimiento_preventivo,7.9,19.1,17859.0
2025-07-09 00:34:40,POZO-003,normal,0,0,0
2025-07-09 06:34:40,POZO-003,normal,0,0,0
2025-07-09 12:34:40,POZO-001,mantenimiento_preventivo,3.1,15.4,16616.0
2025-07-09 18:34:40,POZO-003,normal,0,0,0
2025-07-10 00:34:40,POZO-002,normal,0,0,0
2025-07-10 06:34:40,POZO-001,alarma_falsa,2.5,0.3,8324.0
2025-07-10 12:34:40,POZO-001,normal,0,0,0
2025-07-10 18:34:40,POZO-002,normal,0,0,0
2025-07-11 00:34:40,POZO-001,mantenimiento_preventivo,5.9,11.8,11156.0
2025-07-11 06:34:40,POZO-002,obstruccion,6.3,59.0,23433.0
2025-07-11 12:34:40,POZO-001,normal,0,0,0
2025-07-11 18:34:40,POZO-002,normal,0,0,0
2025-07-12 00:34:40,POZO-003,normal,0,0,0
2025-07-12 06:34:40,POZO-002,normal,0,0,0
2025-07-12 12:34:40,POZO-003,mantenimiento_preventivo,4.6,9.2,14306.0
2025-07-12 18:34:40,POZO-001,alarma_falsa,3.3,2.1,6847.0
2025-07-13 00:34:40,POZO-003,fuga_menor,0.9,15.0,6614.0
2025-07-13 06:34:40,POZO-003,normal,0,0,0
2025-07-13 12:34:40,POZO-002,normal,0,0,0
2025-07-13 18:34:40,POZO-001,mantenimiento_preventivo,7.1,8.2,16653.0
2025-07-14 00:34:40,POZO-003,normal,0,0,0
2025-07-14 06:34:40,POZO-001,ajuste_parametros,3.8,7.0,8144.0
2025-07-14 12:34:40,POZO-002,normal,0,0,0
2025-07-14 18:34:40,POZO-003,mantenimiento_preventivo,6.4,5.1,10620.0
2025-07-15 00:34:40,POZO-001,normal,0,0,0
2025-07-15 06:34:40,POZO-002,ajuste_parametros,1.4,16.8,8156.0
2025-07-15 12:34:40,POZO-002,mantenimiento_preventivo,2.0,18.6,5490.0
2025-07-15 18:34:40,POZO-001,normal,0,0,0
2025-07-16 00:34:40,POZO-002,obstruccion,7.2,49.6,22699.0
2025-07-16 06:34:40,POZO-001,fuga_menor,4.0,4.8,9761.0
2025-07-16 12:34:40,POZO-001,mantenimiento_preventivo,4.4,5.8,18979.0
2025-07-16 18:34:40,POZO-002,normal,0,0,0
2025-07-17 00:34:40,POZO-003,normal,0,0,0
2025-07-17 06:34:40,POZO-003,normal,0,0,0
2025-07-17 12:34:40,POZO-002,normal,0,0,0
2025-07-17 18:34:40,POZO-002,normal,0,0,0
2025-07-18 00:34:40,POZO-003,obstruccion,7.0,45.3,41371.0
2025-07-18 06:34:40,POZO-003,ajuste_parametros,3.4,3.2,3902.0
2025-07-18 12:34:40,POZO-001,normal,0,0,0
2025-07-18 18:34:40,POZO-002,normal,0,0,0
2025-07-19 00:34:40,POZO-003,normal,0,0,0
2025-07-19 06:34:40,POZO-003,mantenimiento_preventivo,7.5,6.2,10736.0
2025-07-19 12:34:40,POZO-003,mantenimiento_preventivo,7.9,14.5,16664.0
2025-07-19 18:34:40,POZO-001,normal,0,0,0
2025-07-20 00:34:40,POZO-001,normal,0,0,0
2025-07-20 06:34:40,POZO-003,obstruccion,9.3,52.3,25124.0
2025-07-20 12:34:40,POZO-002,mantenimiento_preventivo,3.6,19.0,14412.0
2025-07-20 18:34:40,POZO-003,alarma_falsa,3.5,2.2,9345.0
2025-07-21 00:34:40,POZO-001,normal,0,0,0
2025-07-21 06:34:40,POZO-002,normal,0,0,0
2025-07-21 12:34:40,POZO-001,normal,0,0,0
2025-07-21 18:34:40,POZO-002,obstruccion,11.1,28.3,14027.0
2025-07-22 00:34:40,POZO-001,normal,0,0,0
2025-07-22 06:34:40,POZO-002,fuga_menor,0.8,13.7,4377.0
2025-07-22 12:34:40,POZO-002,mantenimiento_preventivo,4.7,7.4,9481.0
2025-07-22 18:34:40,POZO-001,mantenimiento_preventivo,5.8,17.8,6758.0
2025-07-23 00:34:40,POZO-002,alarma_falsa,2.2,12.3,5918.0
2025-07-23 06:34:40,POZO-001,normal,0,0,0
2025-07-23 12:34:40,POZO-002,ajuste_parametros,1.2,0.6,1207.0
2025-07-23 18:34:40,POZO-003,falla_bomba,8.3,68.2,184786.0
2025-07-24 00:34:40,POZO-001,normal,0,0,0
2025-07-24 06:34:40,POZO-001,normal,0,0,0
2025-07-24 12:34:40,POZO-003,fuga_menor,1.4,9.6,9579.0
2025-07-24 18:34:40,POZO-002,mantenimiento_preventivo,5.9,12.0,17135.0
2025-07-25 00:34:40,POZO-002,normal,0,0,0
2025-07-25 06:34:40,POZO-002,ajuste_parametros,1.4,4.0,8614.0
2025-07-25 12:34:40,POZO-003,normal,0,0,0
2025-07-25 18:34:40,POZO-002,normal,0,0,0
2025-07-26 00:34:40,POZO-003,normal,0,0,0
2025-07-26 06:34:40,POZO-001,fuga_menor,2.2,17.7,4814.0
2025-07-26 12:34:40,POZO-003,normal,0,0,0
2025-07-26 18:34:40,POZO-002,mantenimiento_preventivo,5.6,11.4,13507.0
2025-07-27 00:34:40,POZO-002,ajuste_parametros,3.4,9.0,9005.0
2025-07-27 06:34:40,POZO-003,normal,0,0,0
2025-07-27 12:34:40,POZO-002,normal,0,0,0
2025-07-27 18:34:40,POZO-003,fuga_menor,2.4,8.0,2032.0
2025-07-28 00:34:40,POZO-002,normal,0,0,0
2025-07-28 06:34:40,POZO-001,normal,0,0,0
2025-07-28 12:34:40,POZO-001,normal,0,0,0
2025-07-28 18:34:40,POZO-002,normal,0,0,0
2025-07-29 00:34:40,POZO-002,normal,0,0,0
2025-07-29 06:34:40,POZO-002,mantenimiento_preventivo,6.3,8.2,13512.0
2025-07-29 12:34:40,POZO-002,ajuste_parametros,2.5,7.7,6416.0
2025-07-29 18:34:40,POZO-003,normal,0,0,0
2025-07-30 00:34:40,POZO-003,normal,0,0,0
2025-07-30 06:34:40,POZO-003,fuga_menor,3.3,13.4,6166.0
2025-07-30 12:34:40,POZO-003,normal,0,0,0
2025-07-30 18:34:40,POZO-002,normal,0,0,0
2025-07-31 00:34:40,POZO-002,normal,0,0,0
2025-07-31 06:34:40,POZO-001,obstruccion,7.0,59.6,26849.0
2025-07-31 12:34:40,POZO-001,normal,0,0,0
2025-07-31 18:34:40,POZO-003,normal,0,0,0
2025-08-01 00:34:40,POZO-002,normal,0,0,0
2025-08-01 06:34:40,POZO-001,normal,0,0,0
2025-08-01 12:34:40,POZO-003,falla_bomba,15.5,50.2,119266.0
2025-08-01 18:34:40,POZO-001,obstruccion,6.0,55.8,46721.0
2025-08-02 00:34:40,POZO-001,normal,0,0,0
2025-08-02 06:34:40,POZO-001,normal,0,0,0
2025-08-02 12:34:40,POZO-001,obstruccion,6.2,32.0,22688.0
2025-08-02 18:34:40,POZO-002,normal,0,0,0
2025-08-03 00:34:40,POZO-003,falla_bomba,13.9,52.4,94767.0
2025-08-03 06:34:40,POZO-002,normal,0,0,0
2025-08-03 12:34:40,POZO-003,fuga_menor,0.9,7.5,6562.0
2025-08-03 18:34:40,POZO-001,normal,0,0,0
2025-08-04 00:34:40,POZO-001,normal,0,0,0
2025-08-04 06:34:40,POZO-002,ajuste_parametros,3.0,4.5,1792.0
2025-08-04 12:34:40,POZO-003,ajuste_parametros,1.8,18.1,9906.0
2025-08-04 18:34:40,POZO-003,ajuste_parametros,1.4,15.7,1997.0
2025-08-05 00:34:40,POZO-002,normal,0,0,0
2025-08-05 06:34:40,POZO-002,mantenimiento_preventivo,6.7,10.7,15480.0
2025-08-05 12:34:40,POZO-001,normal,0,0,0
2025-08-05 18:34:40,POZO-001,normal,0,0,0
2025-08-06 00:34:40,POZO-001,falla_bomba,21.8,98.3,111994.0
2025-08-06 06:34:40,POZO-002,mantenimiento_preventivo,5.1,8.6,12169.0
2025-08-06 12:34:40,POZO-002,alarma_falsa,1.6,14.6,3032.0
2025-08-06 18:34:40,POZO-002,falla_bomba,18.2,67.7,175331.0
2025-08-07 00:34:40,POZO-001,mantenimiento_preventivo,6.4,8.1,6170.0
2025-08-07 06:34:40,POZO-002,normal,0,0,0
2025-08-07 12:34:40,POZO-001,mantenimiento_preventivo,4.8,10.8,12315.0
2025-08-07 18:34:40,POZO-002,normal,0,0,0
2025-08-08 00:34:40,POZO-003,falla_bomba,14.3,65.7,191657.0
2025-08-08 06:34:40,POZO-003,normal,0,0,0
2025-08-08 12:34:40,POZO-001,obstruccion,3.1,25.2,46668.0
2025-08-08 18:34:40,POZO-002,alarma_falsa,3.5,10.3,8020.0
2025-08-09 00:34:40,POZO-001,normal,0,0,0
2025-08-09 06:34:40,POZO-002,normal,0,0,0
2025-08-09 12:34:40,POZO-002,fuga_menor,2.5,2.0,5149.0
2025-08-09 18:34:40,POZO-001,mantenimiento_preventivo,3.4,18.4,7805.0
2025-08-10 00:34:40,POZO-001,normal,0,0,0
2025-08-10 06:34:40,POZO-003,normal,0,0,0
2025-08-10 12:34:40,POZO-002,normal,0,0,0
2025-08-10 18:34:40,POZO-003,normal,0,0,0
2025-08-11 00:34:40,POZO-002,normal,0,0,0
2025-08-11 06:34:40,POZO-002,normal,0,0,0
2025-08-11 12:34:40,POZO-003,normal,0,0,0
2025-08-11 18:34:40,POZO-002,normal,0,0,0
2025-08-12 00:34:40,POZO-001,normal,0,0,0
2025-08-12 06:34:40,POZO-002,mantenimiento_preventivo,4.5,9.4,11040.0
2025-08-12 12:34:40,POZO-003,normal,0,0,0
2025-08-12 18:34:40,POZO-003,normal,0,0,0
2025-08-13 00:34:40,POZO-002,normal,0,0,0
2025-08-13 06:34:40,POZO-001,mantenimiento_preventivo,7.8,8.3,5797.0
2025-08-13 12:34:40,POZO-001,normal,0,0,0
2025-08-13 18:34:40,POZO-001,normal,0,0,0
2025-08-14 00:34:40,POZO-001,normal,0,0,0
2025-08-14 06:34:40,POZO-003,mantenimiento_preventivo,4.4,10.9,8298.0
2025-08-14 12:34:40,POZO-003,normal,0,0,0
2025-08-14 18:34:40,POZO-001,normal,0,0,0
2025-08-15 00:34:40,POZO-001,normal,0,0,0
2025-08-15 06:34:40,POZO-002,mantenimiento_preventivo,3.7,5.0,7776.0
2025-08-15 12:34:40,POZO-003,mantenimiento_preventivo,6.4,17.8,15319.0
2025-08-15 18:34:40,POZO-001,normal,0,0,0
2025-08-16 00:34:40,POZO-001,normal,0,0,0
2025-08-16 06:34:40,POZO-002,ajuste_parametros,1.0,0.3,5271.0
2025-08-16 12:34:40,POZO-002,normal,0,0,0
2025-08-16 18:34:40,POZO-002,ajuste_parametros,1.1,15.2,1088.0
2025-08-17 00:34:40,POZO-002,fuga_menor,2.5,9.8,3228.0
2025-08-17 06:34:40,POZO-001,normal,0,0,0
2025-08-17 12:34:40,POZO-001,normal,0,0,0
2025-08-17 18:34:40,POZO-002,obstruccion,7.3,26.7,15863.0
2025-08-18 00:34:40,POZO-001,normal,0,0,0
2025-08-18 06:34:40,POZO-003,normal,0,0,0
2025-08-18 12:34:40,POZO-002,mantenimiento_preventivo,7.9,8.9,12297.0
2025-08-18 18:34:40,POZO-002,normal,0,0,0
2025-08-19 00:34:40,POZO-002,normal,0,0,0
2025-08-19 06:34:40,POZO-002,ajuste_parametros,3.2,17.1,9120.0
2025-08-19 12:34:40,POZO-003,normal,0,0,0
2025-08-19 18:34:40,POZO-002,mantenimiento_preventivo,6.4,5.3,19680.0
2025-08-20 00:34:40,POZO-001,mantenimiento_preventivo,2.8,12.5,8666.0
2025-08-20 06:34:40,POZO-003,mantenimiento_preventivo,4.6,8.1,6339.0
2025-08-20 12:34:40,POZO-002,mantenimiento_preventivo,7.8,18.2,15182.0
2025-08-20 18:34:40,POZO-002,alarma_falsa,3.6,3.5,9193.0
2025-08-21 00:34:40,POZO-002,ajuste_parametros,1.9,8.3,9945.0
2025-08-21 06:34:40,POZO-002,normal,0,0,0
2025-08-21 12:34:40,POZO-003,normal,0,0,0
2025-08-21 18:34:40,POZO-002,obstruccion,3.2,51.8,32666.0
2025-08-22 00:34:40,POZO-002,normal,0,0,0
2025-08-22 06:34:40,POZO-001,normal,0,0,0
2025-08-22 12:34:40,POZO-003,normal,0,0,0
2025-08-22 18:34:40,POZO-003,normal,0,0,0
2025-08-23 00:34:40,POZO-002,mantenimiento_preventivo,6.0,9.6,9324.0
2025-08-23 06:34:40,POZO-002,normal,0,0,0
2025-08-23 12:34:40,POZO-001,normal,0,0,0
2025-08-23 18:34:40,POZO-003,normal,0,0,0
2025-08-24 00:34:40,POZO-002,normal,0,0,0
2025-08-24 06:34:40,POZO-002,normal,0,0,0
2025-08-24 12:34:40,POZO-001,normal,0,0,0
2025-08-24 18:34:40,POZO-001,normal,0,0,0
2025-08-25 00:34:40,POZO-002,falla_bomba,14.0,97.9,134112.0
2025-08-25 06:34:40,POZO-001,mantenimiento_preventivo,2.9,16.0,11481.0
2025-08-25 12:34:40,POZO-001,normal,0,0,0
2025-08-25 18:34:40,POZO-001,normal,0,0,0
2025-08-26 00:34:40,POZO-002,normal,0,0,0
2025-08-26 06:34:40,POZO-003,mantenimiento_preventivo,4.5,19.5,6472.0
2025-08-26 12:34:40,POZO-002,ajuste_parametros,2.6,3.5,4922.0
