fecha,well_id,presion_fondo_psi,presion_cabeza_psi,temperatura_fondo_f,flujo_total_bpd,corte_agua_pct,gor_scf_bbl,indice_productividad,dias_desde_mantenimiento,horas_operacion_continua
2024-04-14,POZO-002,2013.48,1350.0,224.26,1154.84,18.11,537.24,10.5,135,453
2024-04-15,POZO-003,2159.68,1309.65,193.12,1331.48,25.22,504.84,9.68,63,595
2024-04-16,POZO-003,1797.27,1366.52,243.23,1102.02,20.55,560.97,9.71,167,110
2024-04-17,POZO-002,2016.83,1330.53,223.81,1096.62,18.84,393.64,10.15,173,656
2024-04-18,POZO-001,1863.21,1357.38,206.83,1408.1,23.72,561.2,10.59,114,401
2024-04-19,POZO-001,1931.86,1374.26,235.61,1075.41,16.6,624.16,11.72,169,247
2024-04-20,POZO-001,1895.94,1261.02,241.48,1130.8,14.07,434.87,10.35,73,469
2024-04-21,POZO-001,2110.1,1302.67,209.07,1409.57,18.79,486.45,9.84,129,216
2024-04-22,POZO-002,1882.91,1376.39,194.35,1096.29,21.92,462.14,10.32,166,496
2024-04-23,POZO-002,1917.39,1326.14,203.37,1147.04,15.68,549.86,12.24,41,238
2024-04-24,POZO-001,1814.57,1330.37,220.66,1211.75,27.97,440.56,10.16,16,627
2024-04-25,POZO-002,2128.45,1359.59,226.79,1182.76,17.18,486.62,9.92,113,696
2024-04-26,POZO-002,1937.24,1286.44,227.77,1464.11,30.82,697.99,9.29,19,349
2024-04-27,POZO-001,2076.55,1310.81,225.62,1138.48,26.06,517.93,9.03,19,583
2024-04-28,POZO-001,1647.17,1242.92,168.86,1319.34,23.99,413.98,10.22,74,77
2024-04-29,POZO-003,2045.25,1331.21,241.4,1265.1,25.63,660.54,9.82,86,61
2024-04-30,POZO-001,2058.89,1353.44,223.92,1240.72,16.2,521.22,11.24,107,613
2024-05-01,POZO-003,2079.9,1401.51,247.24,942.02,16.12,590.65,10.15,15,27
2024-05-02,POZO-001,2057.31,1346.68,236.63,1175.44,14.54,315.83,10.37,95,361
2024-05-03,POZO-001,2140.96,1420.94,164.16,1226.76,25.73,546.49,11.47,15,130
2024-05-04,POZO-002,2217.12,1309.34,207.16,1100.83,29.48,339.76,9.79,92,226
2024-05-05,POZO-002,2065.09,1340.67,197.82,1147.66,25.94,487.36,9.71,53,141
2024-05-06,POZO-003,1936.94,1288.64,224.0,1193.26,15.99,291.7,9.43,99,308
2024-05-07,POZO-001,2167.51,1418.7,189.97,1074.49,16.0,589.34,10.56,156,345
2024-05-08,POZO-002,1868.16,1329.83,204.8,1183.03,24.15,339.45,9.53,137,475
2024-05-09,POZO-002,1805.97,1379.91,215.24,1226.75,24.94,527.24,8.27,87,585
2024-05-10,POZO-002,1891.87,1349.74,218.49,1096.26,22.86,446.04,12.71,10,368
2024-05-11,POZO-002,1816.63,1291.29,251.91,1304.44,20.22,495.85,10.03,45,151
2024-05-12,POZO-003,1964.97,1368.48,194.3,1056.94,28.77,512.54,11.47,91,554
2024-05-13,POZO-003,1985.9,1244.86,252.9,1038.85,19.29,294.32,11.42,156,369
2024-05-14,POZO-002,1976.92,1415.53,246.69,1164.1,12.42,550.75,9.52,131,596
2024-05-15,POZO-003,1997.98,1379.81,204.26,1205.82,31.02,327.21,8.84,108,552
2024-05-16,POZO-003,2172.6,1323.75,197.89,1251.33,25.1,545.21,9.87,81,119
2024-05-17,POZO-003,1922.71,1333.67,187.12,1175.89,15.9,380.4,10.27,138,251
2024-05-18,POZO-002,1882.84,1364.23,237.62,1066.26,10.92,516.09,8.05,43,124
2024-05-19,POZO-002,1719.24,1349.15,255.75,1152.3,21.18,546.62,9.55,103,714
2024-05-20,POZO-003,1881.9,1383.37,193.11,1163.29,30.75,527.14,9.76,112,297
2024-05-21,POZO-002,1936.85,1315.99,203.43,1393.79,18.39,446.14,9.5,72,100
2024-05-22,POZO-001,1823.44,1392.74,227.64,1142.36,24.05,577.15,10.59,54,441
2024-05-23,POZO-003,2124.47,1306.32,207.07,1219.79,29.52,370.94,10.05,72,145
2024-05-24,POZO-001,2090.97,1386.95,224.77,1233.64,28.64,578.49,9.49,114,534
2024-05-25,POZO-001,1924.57,1321.51,205.08,1189.39,23.52,558.82,11.06,57,77
2024-05-26,POZO-002,1802.47,1344.29,231.93,1267.42,31.15,417.15,8.09,161,37
2024-05-27,POZO-003,1953.72,1385.86,227.65,1077.72,11.71,366.65,7.6,55,4
2024-05-28,POZO-002,1624.17,1388.64,213.83,1079.82,16.16,539.0,9.96,75,685
2024-05-29,POZO-002,1827.41,1301.16,222.06,1221.91,17.69,502.08,10.36,82,677
2024-05-30,POZO-001,1775.13,1424.84,223.75,1161.22,19.42,603.92,8.53,83,268
2024-05-31,POZO-003,1773.71,1298.62,215.02,1157.39,19.8,380.05,10.28,161,113
2024-06-01,POZO-003,2052.5,1402.84,175.7,1164.81,21.69,723.69,8.04,41,549
2024-06-02,POZO-002,1960.68,1378.17,222.37,1273.23,33.77,528.04,8.4,41,290
2024-06-03,POZO-002,1672.86,1392.27,221.85,1086.74,23.26,548.32,9.41,107,21
2024-06-04,POZO-001,1838.24,1366.96,200.03,1238.52,17.92,475.22,10.76,168,591
2024-06-05,POZO-002,1760.58,1277.87,209.14,1116.1,27.97,576.08,9.58,116,230
2024-06-06,POZO-003,1923.13,1291.57,202.63,1254.36,21.97,624.49,9.74,37,413
2024-06-07,POZO-003,1861.8,1351.96,168.45,1192.06,24.01,429.77,9.67,54,576
2024-06-08,POZO-002,1886.32,1329.83,199.48,1255.15,29.95,439.93,10.12,32,171
2024-06-09,POZO-001,2139.85,1236.85,228.33,1199.24,16.69,356.76,11.1,174,278
2024-06-10,POZO-003,2123.49,1376.97,203.51,1263.29,15.57,530.01,9.68,35,169
2024-06-11,POZO-003,1828.81,1382.57,240.54,1103.32,28.62,603.4,8.91,18,359
2024-06-12,POZO-003,1974.27,1393.3,229.83,1154.13,15.72,495.98,9.11,20,607
2024-06-13,POZO-001,2016.94,1264.48,175.75,1130.54,24.38,598.1,9.12,122,215
2024-06-14,POZO-001,2008.82,1429.04,228.25,1321.94,32.32,570.17,8.41,78,513
2024-06-15,POZO-001,1751.71,1340.28,231.22,1333.65,22.37,373.6,10.69,112,574
2024-06-16,POZO-002,1993.42,1309.38,201.08,1019.78,18.28,517.96,10.76,49,392
2024-06-17,POZO-002,1945.85,1209.2,238.66,1326.99,21.11,468.34,9.27,123,408
2024-06-18,POZO-001,1946.07,1425.29,236.75,1119.97,16.51,499.92,8.78,27,40
2024-06-19,POZO-002,2264.51,1341.61,223.12,1274.63,13.52,692.78,10.77,50,671
2024-06-20,POZO-003,1891.89,1386.01,220.52,1197.1,28.4,421.78,10.5,50,514
2024-06-21,POZO-001,2053.06,1339.82,180.07,1196.27,24.33,404.83,8.33,179,89
2024-06-22,POZO-003,1998.5,1358.51,197.79,1295.92,30.78,408.11,10.13,79,698
2024-06-23,POZO-003,1983.99,1347.15,193.79,1171.41,16.82,491.43,11.43,67,715
2024-06-24,POZO-002,1705.87,1319.57,198.1,1247.14,27.94,365.87,9.12,89,662
2024-06-25,POZO-003,1976.75,1307.75,219.36,1232.11,13.38,696.98,10.0,36,479
2024-06-26,POZO-003,1742.35,1387.2,239.82,1316.36,11.98,620.98,8.49,42,479
2024-06-27,POZO-003,2222.48,1318.68,196.72,1268.31,15.68,436.07,11.16,60,520
2024-06-28,POZO-001,1979.73,1337.54,162.82,1230.42,22.75,677.15,10.14,86,56
2024-06-29,POZO-001,1972.81,1317.85,253.94,1345.09,28.3,549.12,9.69,176,569
2024-06-30,POZO-002,2213.65,1247.9,222.37,1112.69,21.82,468.32,11.0,103,335
2024-07-01,POZO-002,1938.37,1298.58,170.2,1133.63,14.82,450.53,10.26,157,614
2024-07-02,POZO-002,1911.33,1387.8,183.6,1116.66,20.16,559.68,12.11,108,184
2024-07-03,POZO-001,1747.65,1386.62,212.83,1124.21,23.34,297.71,10.47,168,687
2024-07-04,POZO-002,2135.48,1346.74,230.58,1156.12,20.79,557.29,10.5,109,545
2024-07-05,POZO-002,2019.28,1499.33,215.18,1113.34,19.24,619.93,9.07,13,614
2024-07-06,POZO-003,1760.93,1354.68,210.08,1064.15,19.79,697.24,8.81,102,255
2024-07-07,POZO-001,2226.6,1323.19,211.99,1191.06,25.52,493.48,8.48,20,335
2024-07-08,POZO-002,1653.77,1365.38,173.32,1158.02,20.18,554.54,9.44,21,444
2024-07-09,POZO-001,1857.97,1346.23,222.03,1281.44,22.86,494.33,9.91,129,688
2024-07-10,POZO-001,2076.92,1343.74,242.63,1291.01,15.14,490.83,11.29,84,227
2024-07-11,POZO-001,1929.65,1301.74,194.26,1090.53,18.78,566.56,10.74,128,216
2024-07-12,POZO-003,1890.79,1430.89,227.08,1111.13,23.7,488.11,8.93,173,479
2024-07-13,POZO-001,1701.02,1305.44,218.48,1184.02,25.64,363.88,10.87,32,100
2024-07-14,POZO-002,2211.37,1372.96,222.6,1136.12,21.87,392.81,8.56,28,681
2024-07-15,POZO-003,1953.15,1276.18,233.32,1084.42,18.9,517.47,8.0,86,476
2024-07-16,POZO-003,2184.92,1310.4,212.14,1130.24,14.61,496.21,10.28,84,625
2024-07-17,POZO-001,1749.77,1391.57,171.76,1147.26,23.91,458.88,9.58,121,205
2024-07-18,POZO-002,2226.84,1233.51,205.9,1206.5,12.87,531.19,9.94,41,251
2024-07-19,POZO-002,2059.59,1334.24,189.37,1107.69,25.29,451.56,8.88,137,25
2024-07-20,POZO-002,1922.77,1287.08,217.47,1170.38,18.53,592.59,9.36,149,115
2024-07-21,POZO-003,1708.45,1412.75,219.36,1064.49,31.16,503.95,9.05,114,339
2024-07-22,POZO-002,1834.67,1353.63,206.65,1080.38,20.16,518.36,8.56,113,690
2024-07-23,POZO-002,2048.55,1270.94,215.49,1301.89,25.09,304.61,10.3,133,416
2024-07-24,POZO-002,2020.51,1390.71,211.56,1292.97,24.95,551.27,9.96,17,351
2024-07-25,POZO-001,1986.93,1364.0,207.91,1061.04,23.82,533.42,8.8,59,208
2024-07-26,POZO-002,1840.99,1298.47,172.1,1193.86,24.63,280.66,9.42,47,707
2024-07-27,POZO-003,1961.28,1367.94,215.6,1193.07,25.5,529.87,9.89,63,600
2024-07-28,POZO-003,2098.75,1373.82,228.31,1086.55,27.03,416.17,11.02,111,115
2024-07-29,POZO-003,1962.61,1381.04,197.0,1211.18,17.08,313.96,10.57,77,271
2024-07-30,POZO-003,1910.43,1330.59,241.36,1166.69,29.6,563.75,7.34,78,97
2024-07-31,POZO-002,1865.27,1360.85,220.81,1147.61,18.57,578.17,8.63,83,161
2024-08-01,POZO-001,1974.41,1328.24,253.06,1188.88,22.82,647.76,10.21,78,380
2024-08-02,POZO-001,1916.35,1337.79,187.7,1273.56,23.85,418.55,7.54,71,20
2024-08-03,POZO-003,1809.23,1390.92,166.86,1070.47,23.36,408.69,10.88,42,334
2024-08-04,POZO-003,1917.35,1410.45,189.25,1272.72,21.11,429.3,8.07,71,551
2024-08-05,POZO-002,1908.87,1394.9,261.17,1235.52,20.07,402.5,8.83,140,677
2024-08-06,POZO-002,2016.64,1377.38,225.95,1194.19,21.33,498.77,8.67,59,472
2024-08-07,POZO-002,1852.35,1348.59,231.09,1025.32,15.52,257.5,9.0,5,580
2024-08-08,POZO-002,1963.55,1337.87,211.47,1335.17,31.83,582.17,7.51,23,588
2024-08-09,POZO-002,2098.99,1354.05,211.64,1292.25,20.06,363.03,7.97,178,443
2024-08-10,POZO-001,1894.91,1312.57,188.88,1319.84,22.94,436.08,10.19,91,591
2024-08-11,POZO-001,2113.36,1411.78,237.07,1377.15,28.96,547.42,9.68,42,435
2024-08-12,POZO-002,2174.27,1385.41,225.6,1393.86,31.52,514.45,7.13,51,211
2024-08-13,POZO-002,2059.16,1337.51,195.18,1247.8,22.32,643.2,9.72,24,520
2024-08-14,POZO-002,1768.02,1366.75,191.62,1222.64,19.81,720.26,9.51,180,87
2024-08-15,POZO-003,1841.67,1408.48,196.67,1295.26,14.8,613.18,9.45,16,611
2024-08-16,POZO-001,1907.35,1289.48,234.01,1235.43,23.91,633.91,10.48,128,209
2024-08-17,POZO-002,1808.77,1328.82,268.66,937.81,24.92,370.13,9.25,44,162
2024-08-18,POZO-001,2297.3,1458.89,174.67,1211.33,26.22,434.4,7.87,66,132
2024-08-19,POZO-002,1858.6,1339.62,215.8,1218.74,28.51,505.28,11.22,104,290
2024-08-20,POZO-003,1997.38,1300.45,245.44,1110.93,26.46,550.15,8.66,149,36
2024-08-21,POZO-003,1900.0,1389.62,238.99,1272.16,18.38,394.86,8.35,148,416
2024-08-22,POZO-002,1932.62,1274.02,207.41,1139.85,22.76,601.73,8.66,25,685
2024-08-23,POZO-002,1941.1,1318.6,163.79,1414.52,24.84,557.72,7.96,142,85
2024-08-24,POZO-003,2067.82,1325.41,199.3,1222.57,18.85,434.93,10.42,137,372
2024-08-25,POZO-003,2192.97,1310.34,237.69,1129.7,22.68,681.43,9.96,72,51
2024-08-26,POZO-002,2140.05,1359.36,232.17,1235.74,14.88,635.21,10.29,16,421
2024-08-27,POZO-001,2079.87,1362.84,216.3,1157.88,25.09,554.37,9.28,103,127
2024-08-28,POZO-003,2059.44,1259.0,217.18,1422.92,28.83,405.21,9.04,32,555
2024-08-29,POZO-003,2034.85,1350.67,227.48,1231.14,22.64,413.64,8.84,125,299
2024-08-30,POZO-001,2095.05,1388.26,216.59,1143.01,18.92,689.16,9.71,71,258
2024-08-31,POZO-003,1797.17,1379.73,251.9,1202.99,17.8,571.65,9.12,144,622
2024-09-01,POZO-003,1741.63,1335.41,199.0,1265.18,26.69,452.98,10.03,108,404
2024-09-02,POZO-003,1883.83,1370.67,195.12,1213.57,23.65,588.49,10.35,85,102
2024-09-03,POZO-002,1969.54,1373.25,229.8,1344.07,14.97,261.85,9.28,42,215
2024-09-04,POZO-003,1846.51,1288.73,227.61,1236.08,17.35,540.03,10.1,26,93
2024-09-05,POZO-003,1804.77,1351.95,238.09,1137.5,18.74,593.89,10.34,80,519
2024-09-06,POZO-003,1909.6,1373.57,233.42,1148.05,21.8,534.45,8.38,35,395
2024-09-07,POZO-001,1942.51,1357.7,235.44,1223.65,23.0,692.89,9.7,178,225
2024-09-08,POZO-001,1877.9,1369.75,246.4,1144.86,16.92,502.03,7.44,103,643
2024-09-09,POZO-003,2022.28,1339.74,217.26,1088.04,25.08,405.95,9.45,180,253
2024-09-10,POZO-003,2078.8,1370.67,199.8,1297.96,18.0,583.18,9.36,69,589
2024-09-11,POZO-001,1777.19,1397.1,217.82,1125.74,20.68,576.78,10.63,71,584
2024-09-12,POZO-002,1943.13,1308.99,231.68,1203.61,16.9,457.0,10.0,105,148
2024-09-13,POZO-003,1924.35,1376.72,217.36,1215.89,33.63,570.34,11.03,46,186
2024-09-14,POZO-001,1810.69,1437.33,210.05,1175.41,20.85,390.0,7.91,111,259
2024-09-15,POZO-002,1928.32,1296.78,232.26,1304.7,29.06,278.5,9.95,1,542
2024-09-16,POZO-001,1581.82,1460.85,229.59,1211.35,25.13,401.72,9.67,154,384
2024-09-17,POZO-003,1689.98,1353.98,225.17,1108.4,24.52,549.48,9.56,28,358
2024-09-18,POZO-003,1674.27,1327.08,236.1,1237.76,21.3,369.84,7.26,87,253
2024-09-19,POZO-002,2237.56,1366.3,263.05,1181.27,21.59,436.93,9.69,168,329
2024-09-20,POZO-003,1902.44,1352.48,212.18,1216.97,17.69,403.6,8.01,83,575
2024-09-21,POZO-002,1898.66,1350.81,211.45,1309.25,22.62,583.55,8.5,13,548
2024-09-22,POZO-001,1828.95,1439.08,238.16,1196.26,25.7,455.79,9.55,48,227
2024-09-23,POZO-003,1899.29,1296.55,234.99,1312.48,20.63,475.88,8.99,46,400
2024-09-24,POZO-001,2060.58,1428.43,199.6,1155.65,26.73,527.07,9.14,70,420
2024-09-25,POZO-003,2152.48,1388.39,222.66,1365.34,27.42,550.22,9.96,30,119
2024-09-26,POZO-001,1882.13,1306.97,215.72,1279.47,16.69,356.62,10.72,52,89
2024-09-27,POZO-003,1976.36,1405.89,234.56,1004.97,19.46,286.3,9.07,114,612
2024-09-28,POZO-001,1814.01,1351.32,231.44,1367.4,23.33,318.74,9.59,98,157
2024-09-29,POZO-002,1977.15,1325.18,231.97,1270.92,22.17,317.23,10.32,17,420
2024-09-30,POZO-003,1826.55,1435.87,233.49,1221.81,16.97,507.53,9.48,161,37
2024-10-01,POZO-003,2113.85,1319.23,200.04,1134.19,23.57,499.97,9.02,123,157
2024-10-02,POZO-002,1843.18,1285.93,252.6,1203.06,30.43,540.65,8.84,139,233
2024-10-03,POZO-002,1735.75,1276.48,206.35,1320.37,20.19,560.49,9.17,49,583
2024-10-04,POZO-001,1943.64,1327.2,232.1,1151.78,17.45,381.58,10.18,160,423
2024-10-05,POZO-001,1808.99,1337.02,209.44,1233.82,15.38,686.53,9.24,165,412
2024-10-06,POZO-003,1983.89,1284.64,223.26,1184.75,22.08,555.77,9.33,22,22
2024-10-07,POZO-001,1991.73,1412.75,211.32,1274.31,30.55,461.1,8.7,87,180
2024-10-08,POZO-002,2024.83,1420.03,244.01,1163.43,19.83,483.53,9.12,30,680
2024-10-09,POZO-001,2003.65,1442.83,191.78,1137.6,23.05,384.87,10.37,126,688
2024-10-10,POZO-003,1832.81,1274.02,189.53,1276.47,33.2,509.27,8.85,22,364
2024-10-11,POZO-003,1922.71,1308.9,214.29,1034.73,24.38,385.58,7.98,180,314
2024-10-12,POZO-002,1776.76,1350.0,201.69,986.94,33.61,490.65,7.04,121,390
2024-10-13,POZO-002,1767.73,1328.22,224.03,1141.78,30.5,423.15,8.96,116,688
2024-10-14,POZO-001,2034.4,1371.66,253.97,1203.26,32.2,508.66,11.05,4,350
2024-10-15,POZO-003,1650.1,1362.97,206.66,1131.33,31.4,537.04,8.72,24,4
2024-10-16,POZO-002,1960.88,1457.47,186.34,1239.61,23.09,456.56,9.66,16,454
2024-10-17,POZO-001,2103.31,1349.05,206.93,1329.8,25.12,502.26,7.71,152,304
2024-10-18,POZO-003,1823.3,1349.48,217.69,1443.49,22.88,676.89,10.04,16,635
2024-10-19,POZO-002,1980.54,1390.74,229.07,1289.12,20.77,580.68,9.93,116,367
2024-10-20,POZO-003,1883.33,1272.62,215.3,1282.3,20.15,477.22,9.69,104,475
2024-10-21,POZO-002,2068.55,1316.85,250.88,1351.33,19.94,575.14,9.47,152,189
2024-10-22,POZO-001,1697.47,1299.2,172.85,1348.34,24.58,480.28,10.27,41,500
2024-10-23,POZO-003,2295.67,1298.33,210.05,1359.48,20.98,394.92,7.73,176,634
2024-10-24,POZO-002,1829.18,1319.47,205.42,1014.12,29.94,503.45,8.91,81,650
2024-10-25,POZO-002,1852.27,1324.44,241.25,1098.78,24.04,508.33,8.4,121,20
2024-10-26,POZO-002,2093.41,1322.96,171.27,1277.92,23.75,521.69,8.91,37,373
2024-10-27,POZO-001,1980.58,1244.72,197.92,1267.25,21.56,515.38,9.27,153,620
2024-10-28,POZO-001,2167.43,1325.53,216.26,1157.32,23.1,449.09,7.37,108,81
2024-10-29,POZO-002,2106.62,1281.23,197.97,1257.96,22.65,420.17,10.33,5,127
2024-10-30,POZO-001,1874.42,1321.84,200.6,1141.61,20.83,558.44,7.55,146,41
2024-10-31,POZO-003,1876.42,1442.65,242.89,1305.93,24.25,487.54,9.01,127,411
2024-11-01,POZO-003,1644.14,1338.28,234.56,1295.95,26.52,661.37,9.86,165,715
2024-11-02,POZO-001,2125.72,1385.35,219.96,1085.11,20.26,471.41,8.39,107,564
2024-11-03,POZO-001,1628.39,1273.2,197.26,1129.63,25.25,328.61,8.97,73,273
2024-11-04,POZO-003,1789.31,1350.79,227.03,1163.76,19.66,624.55,9.09,53,190
2024-11-05,POZO-001,2077.29,1377.13,183.56,1238.0,27.46,459.29,7.28,146,259
2024-11-06,POZO-001,1886.12,1386.79,186.38,1184.79,19.29,566.06,7.98,171,255
2024-11-07,POZO-001,2060.33,1329.33,226.49,1187.46,17.82,680.87,9.6,109,382
2024-11-08,POZO-001,1813.76,1425.99,241.88,1313.99,24.95,365.57,9.04,122,179
2024-11-09,POZO-001,1900.59,1397.43,213.53,946.07,19.98,359.86,10.31,111,477
2024-11-10,POZO-002,2229.08,1337.12,220.11,1183.91,23.23,586.91,8.27,1,666
2024-11-11,POZO-001,1989.87,1411.59,218.77,1254.82,18.42,376.59,7.91,96,565
2024-11-12,POZO-003,1922.65,1383.46,189.55,1161.68,24.27,385.49,7.64,155,260
2024-11-13,POZO-001,1809.61,1351.44,221.6,949.11,22.32,401.94,9.26,147,143
2024-11-14,POZO-001,1875.93,1372.82,213.34,1098.19,16.42,497.77,9.13,126,120
2024-11-15,POZO-002,1984.43,1306.71,201.67,1199.89,28.61,393.33,8.26,49,1
2024-11-16,POZO-003,1849.82,1342.89,217.12,1239.15,28.84,681.01,9.34,175,74
2024-11-17,POZO-001,2186.85,1308.93,207.32,1081.88,16.36,398.16,9.87,126,33
2024-11-18,POZO-002,2172.26,1377.12,189.15,1118.89,21.46,475.94,11.51,125,89
2024-11-19,POZO-002,2158.5,1390.67,231.93,1127.39,19.45,357.78,8.11,158,421
2024-11-20,POZO-001,2263.99,1355.23,209.14,1085.74,21.16,477.54,6.79,179,530
2024-11-21,POZO-002,1682.25,1377.26,197.92,1285.0,13.16,373.34,8.46,46,386
2024-11-22,POZO-001,1988.57,1326.75,210.64,1261.77,29.75,699.46,9.88,128,376
2024-11-23,POZO-003,1899.65,1334.28,196.74,960.02,28.3,658.88,7.99,130,250
2024-11-24,POZO-001,2111.91,1322.93,241.41,1188.54,27.37,343.04,9.0,38,308
2024-11-25,POZO-001,1861.33,1279.81,157.31,1040.21,27.41,506.0,9.15,170,487
2024-11-26,POZO-002,2097.93,1303.97,223.36,1336.97,28.25,268.94,8.72,64,642
2024-11-27,POZO-002,1892.76,1343.24,172.8,1210.07,18.21,470.7,9.54,33,491
2024-11-28,POZO-003,1901.74,1396.49,217.04,1085.87,15.35,377.6,9.0,165,41
2024-11-29,POZO-002,1903.75,1396.23,231.13,1287.6,21.84,505.58,8.35,144,699
2024-11-30,POZO-003,1983.87,1298.16,232.97,1116.46,16.5,526.06,8.99,83,246
2024-12-01,POZO-003,2218.72,1303.75,212.85,1150.95,17.69,522.32,9.16,176,371
2024-12-02,POZO-003,1878.32,1320.75,210.05,1166.87,26.85,524.89,7.91,63,402
2024-12-03,POZO-002,2061.5,1316.11,245.74,1054.23,20.39,588.4,7.18,141,598
2024-12-04,POZO-002,1797.45,1430.86,196.75,1005.28,29.55,513.02,8.93,18,285
2024-12-05,POZO-001,1931.02,1381.16,220.85,1156.16,16.75,483.51,8.98,159,619
2024-12-06,POZO-003,2051.88,1356.17,168.55,1234.74,23.75,610.06,7.1,158,277
2024-12-07,POZO-002,1957.32,1353.36,231.48,1192.37,16.68,582.78,8.28,60,103
2024-12-08,POZO-001,1761.53,1424.25,216.05,1225.94,20.64,591.11,10.26,130,631
2024-12-09,POZO-002,1880.12,1329.76,209.63,1233.06,21.3,501.04,8.99,154,481
2024-12-10,POZO-001,1830.05,1392.97,232.29,1132.83,11.96,386.98,8.06,69,376
2024-12-11,POZO-002,2039.19,1332.76,223.47,1257.36,25.3,689.5,8.06,13,257
2024-12-12,POZO-001,1944.5,1411.41,233.76,1045.48,33.48,462.03,9.01,46,296
2024-12-13,POZO-003,1786.74,1443.9,211.51,1232.38,26.54,520.34,8.05,46,157
2024-12-14,POZO-003,1951.54,1444.66,201.46,921.66,32.8,637.19,10.08,95,588
2024-12-15,POZO-002,1771.11,1340.58,186.0,1450.08,22.59,387.36,8.06,104,538
2024-12-16,POZO-002,1989.08,1293.2,215.93,1125.25,18.22,539.79,7.33,95,306
2024-12-17,POZO-001,1821.7,1300.97,225.64,935.77,27.79,513.55,8.31,78,406
2024-12-18,POZO-001,2190.18,1349.59,209.74,1239.52,34.73,602.29,9.52,96,55
2024-12-19,POZO-002,1809.58,1307.86,203.6,1085.58,26.23,427.21,10.35,43,12
2024-12-20,POZO-001,1878.79,1429.98,181.43,975.83,21.75,478.78,6.32,32,449
2024-12-21,POZO-002,1756.78,1306.98,200.8,1202.97,23.52,490.46,9.33,51,96
2024-12-22,POZO-003,1786.47,1308.9,218.11,1107.77,26.83,496.45,9.16,17,168
2024-12-23,POZO-001,1707.16,1235.75,219.47,1304.16,30.09,597.49,9.28,67,591
2024-12-24,POZO-003,2083.92,1323.84,232.73,1181.75,24.05,581.29,10.44,124,279
2024-12-25,POZO-002,1933.51,1361.73,175.12,1196.81,22.17,511.27,8.43,40,101
2024-12-26,POZO-003,1841.82,1316.27,241.95,1010.68,26.88,616.86,9.23,40,425
2024-12-27,POZO-002,1934.23,1324.88,240.01,1169.22,17.19,507.23,8.38,154,335
2024-12-28,POZO-003,2131.78,1382.0,156.21,1299.53,25.6,593.03,10.25,35,299
2024-12-29,POZO-002,2064.95,1328.74,238.42,1323.87,25.55,754.21,8.8,101,503
2024-12-30,POZO-001,1887.29,1376.87,228.75,1274.52,26.77,384.81,8.34,101,347
2024-12-31,POZO-003,1668.4,1410.09,198.47,1144.29,25.74,471.07,6.98,40,38
2025-01-01,POZO-001,2202.76,1447.79,209.07,1121.02,25.75,397.98,8.5,172,566
2025-01-02,POZO-003,2092.87,1262.88,244.84,1366.38,33.2,564.42,8.04,102,332
2025-01-03,POZO-002,1809.98,1338.5,242.22,1166.97,28.52,473.59,9.88,38,44
2025-01-04,POZO-001,1748.72,1362.37,201.92,1151.12,26.58,640.42,9.22,129,207
2025-01-05,POZO-001,1825.71,1348.97,191.09,1104.87,25.96,491.51,11.15,152,561
2025-01-06,POZO-002,1956.05,1288.13,197.29,1132.55,27.64,467.14,7.98,152,229
2025-01-07,POZO-002,2139.91,1361.51,200.25,1336.28,26.87,504.34,12.0,20,281
2025-01-08,POZO-003,1857.97,1283.85,217.73,1167.33,30.17,503.41,8.44,30,241
2025-01-09,POZO-002,1873.53,1366.94,231.26,1288.13,34.94,496.09,8.22,107,166
2025-01-10,POZO-002,2087.7,1448.09,186.45,1299.55,26.07,556.37,8.95,70,184
2025-01-11,POZO-001,1892.6,1380.01,193.67,1108.96,23.29,597.45,8.01,65,19
2025-01-12,POZO-003,1976.6,1451.97,236.96,1137.6,30.86,594.19,8.78,111,107
2025-01-13,POZO-003,1862.58,1281.54,195.35,1283.95,27.42,507.11,7.59,83,658
2025-01-14,POZO-002,2210.18,1412.91,244.68,1178.03,28.96,516.08,9.85,153,534
2025-01-15,POZO-003,1858.63,1292.29,217.59,1276.84,23.28,337.06,9.89,28,57
2025-01-16,POZO-002,2085.53,1367.08,215.85,1256.67,24.8,491.57,9.94,73,336
2025-01-17,POZO-001,2034.39,1334.96,208.64,1180.67,31.22,543.26,8.69,71,319
2025-01-18,POZO-003,2046.1,1323.96,221.02,1291.49,29.27,622.16,9.7,24,674
2025-01-19,POZO-002,2180.18,1459.81,232.13,1080.59,18.71,362.73,8.89,21,343
2025-01-20,POZO-001,2189.88,1383.5,203.33,1255.66,27.33,506.26,8.04,70,591
2025-01-21,POZO-003,1990.82,1401.1,198.4,1021.22,19.61,586.88,8.6,32,431
2025-01-22,POZO-002,1810.37,1341.22,215.33,1281.25,29.1,560.14,11.12,12,74
2025-01-23,POZO-003,2149.66,1410.92,232.96,1130.46,22.07,576.51,9.25,95,333
2025-01-24,POZO-002,1742.44,1308.29,222.74,1252.17,29.96,332.14,10.11,1,444
2025-01-25,POZO-002,2006.41,1349.68,222.5,1151.37,29.23,428.55,9.25,117,357
2025-01-26,POZO-002,1816.41,1343.08,197.19,1235.18,27.96,330.34,10.22,131,658
2025-01-27,POZO-001,1893.34,1328.98,198.41,1198.49,13.03,502.73,9.14,172,570
2025-01-28,POZO-003,2090.48,1335.96,220.27,1186.42,21.71,606.36,9.96,79,436
2025-01-29,POZO-002,1932.45,1276.72,206.58,1288.1,27.83,660.85,7.1,62,546
2025-01-30,POZO-002,1788.22,1330.17,249.83,1314.41,18.23,508.08,9.41,113,139
2025-01-31,POZO-001,1973.01,1345.62,209.05,1191.78,27.73,693.09,9.37,65,613
2025-02-01,POZO-003,2056.2,1266.63,231.96,1190.03,23.91,503.53,8.93,129,597
2025-02-02,POZO-001,1939.74,1312.01,188.57,1283.93,18.36,456.17,9.57,12,184
2025-02-03,POZO-001,1979.84,1422.41,197.42,1160.07,23.21,505.2,7.98,177,65
2025-02-04,POZO-001,2133.15,1281.43,229.62,1219.07,30.93,527.39,8.45,134,569
2025-02-05,POZO-003,2087.14,1399.76,206.03,1259.77,23.22,333.72,9.49,114,286
2025-02-06,POZO-002,2004.98,1355.38,169.58,1063.5,27.33,429.01,8.57,180,547
2025-02-07,POZO-001,1822.62,1339.14,228.03,1331.65,26.18,653.62,9.49,138,566
2025-02-08,POZO-001,1735.52,1309.51,233.39,1276.77,28.9,386.03,7.69,19,433
2025-02-09,POZO-003,2075.45,1314.08,233.5,1344.18,40.74,589.31,9.13,83,169
2025-02-10,POZO-003,1865.95,1390.83,221.06,1132.26,27.68,439.81,9.3,81,389
2025-02-11,POZO-003,2217.7,1350.74,244.22,1147.99,20.87,600.79,9.5,74,514
2025-02-12,POZO-003,1909.44,1288.52,239.73,1071.0,24.31,580.65,8.35,39,415
2025-02-13,POZO-002,1964.32,1338.14,201.03,1139.34,26.79,635.18,7.9,14,417
2025-02-14,POZO-001,1747.08,1302.18,244.78,1212.85,27.08,579.79,9.23,32,402
2025-02-15,POZO-002,2014.01,1296.72,170.11,1302.38,34.95,607.06,7.64,49,542
2025-02-16,POZO-003,1910.77,1438.5,203.54,1274.51,23.6,433.73,8.55,108,134
2025-02-17,POZO-002,2018.04,1401.49,215.93,1320.22,32.64,553.04,8.22,75,44
2025-02-18,POZO-001,1976.5,1326.3,211.25,1224.5,38.02,381.55,8.05,148,544
2025-02-19,POZO-003,2012.1,1416.81,205.06,1255.46,24.99,345.67,8.05,88,39
2025-02-20,POZO-002,2071.62,1351.98,218.13,1155.12,26.09,461.17,8.68,37,105
2025-02-21,POZO-001,1686.27,1339.82,202.71,1231.73,22.78,537.29,7.84,58,41
2025-02-22,POZO-002,1936.0,1363.03,196.19,1165.22,19.61,401.81,9.15,3,11
2025-02-23,POZO-001,2211.84,1322.23,190.52,1257.21,31.97,456.55,7.48,73,611
2025-02-24,POZO-001,1985.72,1365.41,202.35,1143.68,28.5,536.11,8.08,148,294
2025-02-25,POZO-001,1975.21,1282.72,205.83,1137.62,24.75,472.8,9.46,116,282
2025-02-26,POZO-002,2145.82,1430.48,214.15,1003.19,28.05,640.36,8.46,102,439
2025-02-27,POZO-002,1948.46,1397.14,202.3,1253.51,27.58,680.38,7.26,156,91
2025-02-28,POZO-001,1867.72,1456.53,249.64,1198.16,33.35,376.48,9.4,161,497
2025-03-01,POZO-002,1881.92,1374.03,214.03,1273.49,33.12,179.18,8.83,77,244
2025-03-02,POZO-002,2019.53,1311.54,222.34,1129.58,34.61,449.04,9.63,130,378
2025-03-03,POZO-003,2093.56,1279.63,214.38,1195.85,23.78,408.99,8.08,160,587
2025-03-04,POZO-002,1906.16,1330.82,215.63,1206.16,28.85,569.76,7.77,164,583
2025-03-05,POZO-001,1680.64,1360.92,207.14,1242.44,27.69,612.05,8.49,37,441
2025-03-06,POZO-002,2105.67,1263.31,164.65,1077.14,21.08,469.92,8.77,144,234
2025-03-07,POZO-003,1881.27,1387.98,230.91,1137.09,31.88,486.32,6.46,105,680
2025-03-08,POZO-001,1973.63,1301.18,233.82,1142.01,23.03,395.96,6.29,147,388
2025-03-09,POZO-002,2130.47,1380.47,194.4,1164.94,30.18,398.27,8.36,65,197
2025-03-10,POZO-002,2070.65,1357.47,214.43,1228.2,28.15,575.44,7.45,154,401
2025-03-11,POZO-002,2282.13,1352.51,236.86,1235.3,33.88,553.57,6.05,157,664
2025-03-12,POZO-002,1719.06,1341.19,175.61,1072.25,18.8,391.82,8.09,57,653
2025-03-13,POZO-002,2142.43,1297.94,241.61,1225.78,26.99,591.19,10.31,24,504
2025-03-14,POZO-003,1806.58,1416.05,204.02,1212.07,20.16,388.82,9.11,52,465
2025-03-15,POZO-001,2171.7,1338.18,218.22,1165.87,32.23,534.62,8.4,174,105
2025-03-16,POZO-001,2100.89,1350.22,182.23,1260.33,21.42,605.56,9.88,171,559
2025-03-17,POZO-002,1757.4,1369.56,235.98,1185.24,31.9,471.89,6.0,175,257
2025-03-18,POZO-001,1751.16,1366.03,200.51,1299.46,32.49,568.24,7.91,47,105
2025-03-19,POZO-003,1680.11,1355.46,213.87,1185.97,27.29,560.28,7.8,30,528
2025-03-20,POZO-001,2115.59,1314.69,195.92,1122.27,22.76,422.15,8.59,123,717
2025-03-21,POZO-001,2137.26,1279.69,224.54,1154.86,9.93,619.96,7.02,84,691
2025-03-22,POZO-001,1689.69,1332.67,202.23,1300.28,19.45,421.91,8.62,147,143
2025-03-23,POZO-002,2106.54,1385.99,194.88,1208.12,22.17,547.22,8.5,10,339
2025-03-24,POZO-001,1933.07,1396.75,211.02,1199.6,26.13,377.43,7.83,142,645
2025-03-25,POZO-001,1920.71,1289.56,225.24,1185.61,22.92,646.7,7.23,51,553
2025-03-26,POZO-003,2201.43,1303.95,181.93,1158.11,22.14,385.09,7.77,112,518
2025-03-27,POZO-002,2019.24,1337.16,195.03,1219.12,24.6,262.56,8.5,95,54
2025-03-28,POZO-003,2188.69,1334.93,214.46,1161.48,32.17,462.28,8.46,88,384
2025-03-29,POZO-002,2178.34,1293.16,194.23,1182.49,23.82,303.39,8.13,101,228
2025-03-30,POZO-001,2084.38,1392.1,214.19,1275.23,27.66,573.43,10.0,100,172
2025-03-31,POZO-003,2215.5,1320.39,193.23,1269.46,29.57,448.13,9.64,166,502
2025-04-01,POZO-003,1764.77,1337.16,216.75,1183.33,35.22,390.04,8.64,148,77
2025-04-02,POZO-001,1898.26,1379.82,209.94,1245.82,19.78,615.97,9.46,84,208
2025-04-03,POZO-001,2071.3,1360.84,212.34,1226.05,23.91,650.74,9.16,39,714
2025-04-04,POZO-003,1929.22,1380.88,222.28,1063.77,26.98,394.65,8.73,123,7
2025-04-05,POZO-002,1970.14,1296.1,204.1,1244.29,31.74,438.43,8.42,150,519
2025-04-06,POZO-002,1852.7,1330.78,178.24,1123.2,25.26,440.91,9.22,82,629
2025-04-07,POZO-002,2142.25,1362.39,217.96,1135.61,33.08,548.2,7.75,59,601
2025-04-08,POZO-003,2018.54,1296.97,228.35,1104.58,29.14,350.98,7.44,109,569
2025-04-09,POZO-003,2173.58,1395.84,199.15,1303.27,21.23,556.84,6.55,164,452
2025-04-10,POZO-003,1919.95,1447.37,187.79,1238.47,29.01,471.33,8.5,140,109
2025-04-11,POZO-003,2105.34,1270.25,209.77,1131.27,26.37,451.05,6.87,53,567
2025-04-12,POZO-002,1735.72,1320.0,207.52,1278.54,20.2,661.75,8.08,35,389
2025-04-13,POZO-001,2026.18,1294.94,219.7,1114.25,25.11,438.03,8.64,113,124
2025-04-14,POZO-003,2120.22,1363.81,214.12,1178.01,28.55,482.03,6.51,146,630
2025-04-15,POZO-001,2035.44,1348.37,208.63,1134.19,19.25,585.01,7.9,63,592
2025-04-16,POZO-003,1698.58,1283.26,201.29,1257.77,30.46,647.01,8.09,65,592
2025-04-17,POZO-002,1926.74,1262.59,223.95,1249.64,35.82,505.3,7.71,135,510
2025-04-18,POZO-003,1637.03,1339.08,196.5,1201.85,31.1,561.37,7.61,14,562
2025-04-19,POZO-001,2158.76,1273.23,234.58,1150.87,22.1,535.55,7.93,96,684
2025-04-20,POZO-003,1967.83,1399.72,227.85,1226.69,40.01,501.82,9.34,147,588
2025-04-21,POZO-002,2238.43,1365.6,211.12,1231.15,35.57,519.14,7.46,90,680
2025-04-22,POZO-001,2053.41,1404.04,237.71,1253.0,32.7,413.61,7.22,30,149
2025-04-23,POZO-002,2165.22,1375.77,200.01,1118.21,24.18,309.57,8.78,29,392
2025-04-24,POZO-002,2222.64,1256.83,250.47,1193.18,22.29,648.88,8.3,76,586
2025-04-25,POZO-001,1848.57,1320.19,233.95,1210.78,28.48,628.45,8.51,175,405
2025-04-26,POZO-003,2100.24,1325.63,235.84,1127.84,33.87,603.61,8.05,98,68
2025-04-27,POZO-003,2067.45,1345.94,204.03,1138.86,28.07,335.47,8.83,92,563
2025-04-28,POZO-002,1823.4,1375.14,215.32,1189.48,33.68,614.0,6.56,123,237
2025-04-29,POZO-003,2115.3,1396.88,231.84,1283.9,29.48,460.14,8.85,88,328
2025-04-30,POZO-002,1975.31,1332.79,197.14,1252.44,39.46,617.76,7.82,164,463
2025-05-01,POZO-002,1995.13,1316.5,219.64,1168.27,30.39,590.44,8.83,119,445
2025-05-02,POZO-001,1653.77,1360.6,238.39,1428.67,24.44,327.61,8.71,42,434
2025-05-03,POZO-003,2325.54,1334.3,238.13,1269.27,21.88,704.12,7.1,27,253
2025-05-04,POZO-001,1974.31,1457.43,209.22,1182.01,30.14,446.86,5.58,47,358
2025-05-05,POZO-003,1913.15,1331.68,195.66,1034.88,35.13,511.17,8.62,113,261
2025-05-06,POZO-002,1883.1,1291.05,218.78,1320.69,40.91,360.02,10.16,161,604
2025-05-07,POZO-001,1981.44,1246.26,228.79,1364.69,23.81,602.99,7.55,180,647
2025-05-08,POZO-003,2192.84,1433.33,226.02,1006.77,29.87,575.11,8.62,102,621
2025-05-09,POZO-003,1936.12,1364.76,207.86,1152.58,26.37,401.63,8.5,74,51
2025-05-10,POZO-002,1931.56,1389.11,228.3,1276.46,24.12,588.41,7.96,4,69
2025-05-11,POZO-003,1941.7,1364.39,219.85,1366.58,32.97,545.82,8.76,170,682
2025-05-12,POZO-003,2082.1,1389.89,222.97,1210.35,24.45,431.83,8.8,150,460
2025-05-13,POZO-001,2010.39,1413.04,204.04,1174.5,32.34,556.84,7.14,67,312
2025-05-14,POZO-003,1964.68,1396.03,187.36,1164.91,21.5,628.22,8.74,67,554
2025-05-15,POZO-001,1865.51,1371.4,229.87,1167.18,28.54,582.25,6.86,152,277
2025-05-16,POZO-001,1815.55,1363.17,203.54,1183.59,26.47,735.82,7.69,67,91
2025-05-17,POZO-003,1829.87,1450.91,224.33,1324.59,23.94,393.62,9.93,149,675
2025-05-18,POZO-003,2008.82,1385.39,213.67,1077.47,28.04,375.58,5.41,80,156
2025-05-19,POZO-001,2059.48,1294.47,251.0,1204.49,27.24,609.89,8.25,57,273
2025-05-20,POZO-003,1883.26,1433.13,241.66,1279.16,27.24,591.66,9.37,23,308
2025-05-21,POZO-001,2076.37,1352.17,205.95,1139.33,31.24,488.55,8.47,105,1
2025-05-22,POZO-002,1952.37,1341.07,197.2,1178.34,26.67,500.09,7.89,158,100
2025-05-23,POZO-002,2172.65,1327.92,167.28,1324.49,24.36,499.33,8.48,67,609
2025-05-24,POZO-003,1798.5,1228.19,224.81,1267.62,26.78,390.67,8.43,58,335
2025-05-25,POZO-003,1732.67,1343.41,202.37,1284.57,24.43,419.03,6.44,146,320
2025-05-26,POZO-003,2010.32,1344.83,199.66,1041.47,26.41,408.78,7.18,179,391
2025-05-27,POZO-003,2233.22,1296.05,218.29,1201.73,23.88,501.2,7.83,26,528
2025-05-28,POZO-003,1778.76,1230.38,175.24,1170.76,18.37,545.05,6.84,97,699
2025-05-29,POZO-002,1943.82,1300.35,238.48,1194.76,31.87,364.39,8.01,88,551
2025-05-30,POZO-001,1982.21,1317.82,222.78,1264.73,34.5,542.7,8.05,163,189
2025-05-31,POZO-002,1896.04,1279.12,204.49,1239.33,26.56,541.09,8.75,116,439
2025-06-01,POZO-002,1823.49,1355.86,200.75,1294.42,31.62,638.43,9.06,137,530
2025-06-02,POZO-003,2141.86,1386.69,158.78,1108.66,32.4,643.07,6.38,92,455
2025-06-03,POZO-001,1941.76,1330.18,224.21,1115.62,35.8,554.26,7.77,123,351
2025-06-04,POZO-001,1885.65,1376.52,194.2,1260.84,37.7,514.87,6.96,178,239
2025-06-05,POZO-003,1945.45,1383.42,247.81,1199.05,27.33,492.07,8.21,20,115
2025-06-06,POZO-001,1978.72,1311.09,205.13,1277.41,25.19,554.98,8.1,53,249
2025-06-07,POZO-003,1802.01,1311.48,251.55,1121.14,36.83,472.79,8.76,18,622
2025-06-08,POZO-002,1969.27,1331.84,188.6,1210.57,21.21,493.58,7.67,59,313
2025-06-09,POZO-001,2290.23,1321.95,254.61,1151.39,22.6,292.82,7.87,66,687
2025-06-10,POZO-002,1729.42,1357.64,201.57,1013.76,25.98,608.42,7.92,172,329
2025-06-11,POZO-001,2050.6,1404.06,215.21,1116.13,24.18,484.81,8.42,177,614
2025-06-12,POZO-001,2179.83,1332.43,225.43,1175.18,29.39,541.93,7.72,98,259
2025-06-13,POZO-001,2151.01,1331.95,226.67,1045.22,39.03,490.75,6.96,41,581
2025-06-14,POZO-001,1922.72,1404.88,234.6,1336.82,31.69,631.38,6.84,99,473
2025-06-15,POZO-002,2150.43,1421.91,229.71,1181.81,31.5,545.36,6.51,24,296
2025-06-16,POZO-001,1955.78,1399.03,204.27,978.45,16.28,500.89,7.51,50,323
2025-06-17,POZO-002,2149.45,1316.11,259.13,1278.71,28.64,541.88,7.74,85,603
2025-06-18,POZO-002,2122.1,1297.57,241.39,1120.79,39.49,580.62,9.18,24,231
2025-06-19,POZO-002,1440.95,1289.59,226.97,1080.88,19.18,368.97,6.26,52,302
2025-06-20,POZO-003,1659.87,1311.62,186.0,1131.47,23.45,424.53,5.81,175,677
2025-06-21,POZO-003,1814.22,1301.02,224.66,1311.12,24.16,507.12,10.19,111,719
2025-06-22,POZO-002,2133.4,1296.87,208.38,1336.09,28.87,482.08,8.17,119,370
2025-06-23,POZO-002,2121.17,1246.95,242.52,1123.99,31.45,279.99,7.41,38,288
2025-06-24,POZO-001,1824.9,1333.82,239.56,1182.7,23.82,547.62,7.78,94,273
2025-06-25,POZO-001,1649.54,1319.43,227.59,1071.08,13.65,638.91,9.0,148,19
2025-06-26,POZO-003,1702.06,1325.25,211.4,1314.58,28.21,553.89,8.84,157,336
2025-06-27,POZO-003,1936.14,1231.33,231.77,1261.01,20.95,719.23,9.94,139,383
2025-06-28,POZO-001,2119.07,1283.19,232.09,1004.73,27.93,543.93,8.65,23,323
2025-06-29,POZO-001,1946.97,1268.59,220.28,1255.11,38.43,545.48,7.36,2,496
2025-06-30,POZO-002,1982.09,1383.06,207.97,1174.07,23.6,433.35,6.54,55,423
2025-07-01,POZO-002,1936.54,1351.49,213.12,1207.7,32.5,541.22,8.35,19,37
2025-07-02,POZO-002,2076.62,1331.62,205.23,1380.52,35.35,456.33,7.92,62,346
2025-07-03,POZO-001,2133.32,1377.01,215.24,1092.25,27.15,449.07,8.15,78,182
2025-07-04,POZO-002,1875.87,1358.11,214.51,1159.19,35.95,557.13,7.11,115,635
2025-07-05,POZO-002,1807.53,1368.55,232.67,1101.29,29.67,288.82,7.66,171,615
2025-07-06,POZO-001,2008.8,1440.13,229.19,1416.29,22.3,646.16,8.59,180,182
2025-07-07,POZO-001,1830.96,1392.68,242.63,1351.06,33.35,476.26,9.26,145,366
2025-07-08,POZO-001,2238.25,1338.46,195.35,1295.98,30.58,543.17,7.01,113,649
2025-07-09,POZO-003,1746.08,1413.49,175.8,1325.23,33.87,493.81,7.2,60,683
2025-07-10,POZO-001,2317.26,1315.3,204.34,1223.39,30.75,612.48,8.32,12,519
2025-07-11,POZO-003,1958.23,1237.1,232.31,1230.15,23.54,546.32,7.82,63,383
2025-07-12,POZO-003,2046.72,1414.42,262.31,1106.24,25.32,611.65,8.31,140,397
2025-07-13,POZO-003,1934.58,1378.03,214.24,1260.28,29.59,604.88,7.24,96,231
2025-07-14,POZO-001,1436.22,1390.36,197.87,1082.84,31.87,372.1,9.05,48,293
2025-07-15,POZO-001,1944.39,1313.86,199.68,1213.75,24.91,715.86,7.09,165,432
2025-07-16,POZO-003,1963.34,1395.91,197.41,1365.09,30.98,370.1,7.2,2,289
2025-07-17,POZO-003,2169.32,1339.19,206.51,1133.82,22.3,587.35,7.81,80,172
2025-07-18,POZO-002,2305.76,1309.8,218.93,1231.19,22.21,280.4,8.93,153,130
2025-07-19,POZO-001,1999.75,1368.17,216.42,1319.31,31.29,427.36,8.53,135,128
2025-07-20,POZO-003,1792.05,1239.98,250.09,1007.2,26.48,486.53,7.23,119,707
2025-07-21,POZO-002,1846.83,1280.99,216.04,1262.24,29.85,553.12,9.99,156,159
2025-07-22,POZO-003,1884.87,1256.4,237.92,1170.54,29.59,420.21,9.29,55,630
2025-07-23,POZO-002,1831.86,1353.97,226.16,1171.53,28.22,619.32,6.92,29,68
2025-07-24,POZO-002,1983.2,1337.14,208.17,1192.52,22.56,496.49,8.16,34,134
2025-07-25,POZO-003,1828.07,1343.62,186.26,1345.52,25.63,599.82,6.6,1,699
2025-07-26,POZO-001,2008.52,1390.39,200.55,1237.19,33.12,727.6,6.1,107,700
2025-07-27,POZO-003,1978.1,1401.48,263.57,1300.05,37.57,503.44,7.4,71,69
2025-07-28,POZO-003,2058.31,1366.91,242.26,1080.02,22.77,576.63,8.14,118,42
2025-07-29,POZO-002,1748.94,1262.42,207.45,993.28,30.15,651.08,7.44,51,702
2025-07-30,POZO-002,2006.65,1275.13,178.85,1066.2,34.37,647.73,7.06,38,262
2025-07-31,POZO-001,1897.25,1348.57,209.43,1130.26,18.81,587.25,7.39,153,704
2025-08-01,POZO-003,1718.26,1307.13,229.42,1154.9,25.61,338.23,8.13,73,472
2025-08-02,POZO-001,1913.63,1356.31,247.83,1231.47,33.31,444.53,6.73,8,383
2025-08-03,POZO-003,2109.54,1322.67,208.19,1233.64,27.93,580.81,8.38,163,344
2025-08-04,POZO-001,1963.55,1280.63,207.31,1168.72,35.24,560.35,9.02,88,293
2025-08-05,POZO-002,1816.45,1273.33,207.27,1164.84,30.82,584.68,7.13,98,407
2025-08-06,POZO-002,1986.31,1351.85,240.98,1065.33,33.64,378.0,7.52,171,272
2025-08-07,POZO-003,2005.62,1368.73,235.74,1253.65,32.81,392.61,6.72,27,698
2025-08-08,POZO-001,1707.74,1310.42,202.06,1372.15,28.2,609.75,7.14,54,372
2025-08-09,POZO-003,2140.44,1403.7,215.18,1165.93,33.84,426.27,6.45,174,26
2025-08-10,POZO-003,1998.89,1361.04,183.4,1088.7,26.63,320.93,9.36,166,48
2025-08-11,POZO-003,2000.5,1379.26,258.26,1116.17,34.07,656.64,7.82,33,68
2025-08-12,POZO-002,1682.37,1359.79,195.26,1045.84,30.11,360.01,7.35,127,169
2025-08-13,POZO-001,2036.39,1321.12,222.19,1166.05,31.68,549.4,7.18,96,631
2025-08-14,POZO-002,2008.8,1386.81,238.81,1233.84,23.31,462.23,7.13,122,708
2025-08-15,POZO-003,1968.22,1297.25,180.16,1070.13,19.42,458.18,6.32,100,622
2025-08-16,POZO-002,2025.14,1381.78,207.74,985.1,37.59,589.48,7.59,143,695
2025-08-17,POZO-003,2008.8,1419.48,225.83,1165.9,35.0,430.03,7.59,34,149
2025-08-18,POZO-001,1979.63,1359.43,236.9,1281.95,21.55,593.97,7.03,145,158
2025-08-19,POZO-003,2045.59,1369.28,206.46,1297.71,32.27,398.04,5.65,163,491
2025-08-20,POZO-001,1740.85,1342.41,198.58,1218.25,27.46,552.86,7.12,83,153
2025-08-21,POZO-001,2015.66,1366.31,197.83,1072.55,28.89,430.8,7.27,122,47
2025-08-22,POZO-002,1743.87,1380.86,203.66,1175.9,19.41,477.39,8.82,172,94
2025-08-23,POZO-003,1848.54,1311.95,202.24,1018.14,42.57,348.15,9.43,160,668
2025-08-24,POZO-002,1907.21,1311.21,209.71,1131.67,28.58,432.41,6.29,134,486
2025-08-25,POZO-001,1643.85,1352.78,229.38,1030.23,30.59,433.84,6.48,160,487
2025-08-26,POZO-003,1850.79,1377.11,213.22,1185.35,35.72,527.35,8.07,132,689
