timestamp,sensor_id,presion_fondo_psi,temperatura_fondo_f,caudal_instantaneo_bbl_h,vibracion_hz,nivel_tanque_ft,log_vibracion
2023-11-01 00:00:00,SENS-B2,2743.1,247.9,17.93,50.2,12.23,3.9357395320454622
2023-11-01 01:00:00,SENS-B1,3072.0,268.1,17.82,38.1,15.06,3.66612246699132
2023-11-01 02:00:00,SENS-B2,3029.8,243.4,11.51,55.9,15.86,4.041295341132285
2023-11-01 03:00:00,SENS-B1,3097.4,244.9,18.34,60.4,14.49,4.117409835153096
2023-11-01 04:00:00,SENS-B1,2945.4,241.5,23.93,56.4,12.33,4.050044303325521
2023-11-01 05:00:00,SENS-B2,2958.5,233.2,13.78,32.3,17.51,3.505557396986398
2023-11-01 06:00:00,SENS-B1,3067.6,262.2,17.14,52.3,17.95,3.975936331171799
2023-11-01 07:00:00,SENS-B1,2928.9,282.8,21.32,47.7,12.47,3.885679030088544
2023-11-01 08:00:00,SENS-B1,2945.1,244.3,13.27,44.6,15.88,3.8199077165203406
2023-11-01 09:00:00,SENS-A2,3000.0,239.8,18.47,50.6,18.4,3.9435216724875173
2023-11-01 10:00:00,SENS-B1,3172.6,238.8,23.42,49.3,11.67,3.9180050771056933
2023-11-01 11:00:00,SENS-A2,2830.1,239.8,26.13,52.5,15.0,3.979681653901961
2023-11-01 12:00:00,SENS-A2,3113.9,274.7,20.87,50.3,18.14,3.937690752176724
2023-11-01 13:00:00,SENS-B1,3118.8,239.2,17.22,44.4,13.06,3.8155121050473024
2023-11-01 14:00:00,SENS-B1,3117.9,241.2,17.12,47.1,18.46,3.8732821771117156
2023-11-01 15:00:00,SENS-A2,2879.0,231.4,20.43,46.3,16.95,3.856510295497887
2023-11-01 16:00:00,SENS-A2,2746.1,254.4,20.84,41.4,13.15,3.747148362237912
2023-11-01 17:00:00,SENS-B1,3084.0,249.0,25.57,43.1,13.66,3.7864597824528
2023-11-01 18:00:00,SENS-B1,3028.1,232.9,22.91,197.5,13.12,5.290789100127245
2023-11-01 19:00:00,SENS-B2,3150.7,236.6,20.25,57.1,11.33,4.062165663857866
2023-11-01 20:00:00,SENS-A2,2894.9,273.0,18.99,47.3,15.52,3.877431560658527
2023-11-01 21:00:00,SENS-A2,3114.0,250.5,29.04,46.2,13.24,3.85439389259151
2023-11-01 22:00:00,SENS-B2,3158.2,251.5,21.88,44.1,15.59,3.8088822465086327
2023-11-01 23:00:00,SENS-A2,2985.7,251.6,17.99,50.2,12.42,3.9357395320454622
2023-11-02 00:00:00,SENS-A1,3062.5,270.9,19.33,55.9,16.85,4.041295341132285
2023-11-02 01:00:00,SENS-A2,3057.3,234.3,17.37,60.0,16.48,4.110873864173311
2023-11-02 03:00:00,SENS-A1,3079.7,247.5,20.94,50.7,15.72,3.9454577815143836
2023-11-02 04:00:00,SENS-B1,3243.4,224.2,25.35,47.3,15.17,3.877431560658527
2023-11-02 05:00:00,SENS-B2,3003.3,236.3,15.11,48.1,17.96,3.893859034800475
2023-11-02 07:00:00,SENS-B1,2896.9,261.4,17.88,48.4,14.7,3.899950424193877
2023-11-02 08:00:00,SENS-B2,2733.1,264.1,21.56,49.2,13.72,3.9160150266976834
2023-11-02 09:00:00,SENS-A2,3193.5,241.2,19.48,49.9,15.09,3.929862923556477
2023-11-02 10:00:00,SENS-B1,3114.6,243.0,15.92,47.0,16.07,3.8712010109078907
2023-11-02 11:00:00,SENS-B2,2924.8,223.2,17.06,49.6,13.7,3.92395157629342
2023-11-02 13:00:00,SENS-B1,2875.0,266.4,24.03,52.7,16.93,3.983413001514819
2023-11-02 14:00:00,SENS-B1,2904.3,266.3,23.88,61.8,17.71,4.139955073474153
2023-11-02 15:00:00,SENS-A1,3016.4,274.1,19.07,47.2,15.99,3.8753590210565547
2023-11-02 16:00:00,SENS-B2,3011.4,256.3,23.68,51.9,14.72,3.9684033388642534
2023-11-02 17:00:00,SENS-A1,3201.2,273.4,19.48,54.3,14.56,4.012772908528289
2023-11-02 18:00:00,SENS-B2,2896.1,247.0,19.02,56.4,,4.050044303325521
2023-11-02 19:00:00,SENS-A2,2773.8,223.5,20.17,48.7,15.46,3.906004933102583
2023-11-02 20:00:00,SENS-A2,2826.5,262.9,20.85,41.0,11.7,3.7376696182833684
2023-11-02 21:00:00,SENS-A2,2996.5,222.9,18.33,51.3,16.14,3.9569963710708773
2023-11-02 22:00:00,SENS-B2,2890.7,252.6,20.07,50.6,13.28,3.9435216724875173
2023-11-02 23:00:00,SENS-B1,2956.2,264.3,22.36,48.3,12.17,3.8979240810486444
2023-11-03 00:00:00,SENS-B1,2931.9,254.9,20.39,49.3,12.49,3.9180050771056933
2023-11-03 01:00:00,SENS-A1,3148.5,284.2,20.13,50.7,14.57,3.9454577815143836
2023-11-03 02:00:00,SENS-A1,2912.0,220.5,21.48,51.8,12.97,3.966511190712216
2023-11-03 03:00:00,SENS-A2,2943.4,248.8,22.0,51.6,10.35,3.9627161197436642
2023-11-03 04:00:00,SENS-A1,3107.6,250.3,19.81,48.9,14.28,3.910021002757473
2023-11-03 05:00:00,SENS-B2,2915.3,229.8,18.58,51.9,14.02,3.9684033388642534
2023-11-03 06:00:00,SENS-B2,3063.5,232.7,20.57,48.6,14.7,3.903990833730882
2023-11-03 07:00:00,SENS-A1,3049.7,237.3,15.22,53.2,13.74,3.9926809084456005
2023-11-03 08:00:00,SENS-A1,3021.3,233.5,19.37,46.9,18.66,3.8691155044168695
2023-11-03 09:00:00,SENS-A1,2829.8,248.4,12.59,50.4,16.03,3.9396381724611196
2023-11-03 10:00:00,SENS-A1,3184.5,241.0,14.97,41.9,14.0,3.758871825933971
2023-11-03 11:00:00,SENS-A2,3333.1,,14.52,48.2,14.87,3.8958936234982624
2023-11-03 12:00:00,SENS-A2,3001.3,259.7,23.14,52.8,17.83,3.9852734671677386
2023-11-03 13:00:00,SENS-A1,2843.0,258.7,20.04,44.8,16.91,3.8242840911201395
2023-11-03 14:00:00,SENS-B2,3004.4,243.8,16.21,48.4,12.21,3.899950424193877
2023-11-03 15:00:00,SENS-A2,3148.5,254.3,21.47,38.0,13.05,3.6635616461296463
2023-11-03 16:00:00,SENS-B2,2907.7,265.5,22.97,,13.44,
2023-11-03 17:00:00,SENS-B1,2980.7,256.7,21.53,44.5,14.12,3.817712325956905
2023-11-03 18:00:00,SENS-B2,3051.1,277.9,19.43,50.5,13.81,3.9415818076696905
2023-11-03 19:00:00,SENS-A1,3180.5,264.7,20.7,51.7,15.07,3.9646154555473165
2023-11-03 20:00:00,SENS-B1,3116.3,275.8,22.7,49.7,16.47,3.9259259105971376
2023-11-03 21:00:00,SENS-A2,3122.5,218.971,18.59,48.1,13.1,3.893859034800475
2023-11-03 22:00:00,SENS-A2,2936.1,251.5,20.09,48.1,14.35,3.893859034800475
2023-11-03 23:00:00,SENS-B1,3060.3,245.1,19.23,53.6,11.73,4.000033882750859
2023-11-04 00:00:00,SENS-B2,2891.7,248.1,15.16,51.1,12.92,3.9531649487593215
2023-11-04 01:00:00,SENS-A2,3126.8,237.9,22.75,48.3,13.96,3.8979240810486444
2023-11-04 02:00:00,SENS-A1,3172.7,255.9,26.17,56.5,12.51,4.051784947803305
2023-11-04 03:00:00,SENS-B1,3083.0,222.9,17.38,59.7,17.28,4.1059436980654525
2023-11-04 04:00:00,SENS-A1,2944.9,256.1,22.89,43.8,12.64,3.8022081394209395
2023-11-04 06:00:00,SENS-A2,3271.0,242.5,20.4,65.4,11.64,4.1956970564823886
2023-11-04 07:00:00,SENS-B2,2947.4,256.6,24.52,51.4,16.31,3.9589065913269965
2023-11-04 08:00:00,SENS-B1,3157.5,251.2,18.44,50.6,14.72,3.9435216724875173
2023-11-04 09:00:00,SENS-B1,3050.8,265.8,19.96,49.7,18.03,3.9259259105971376
2023-11-04 10:00:00,SENS-A1,2949.9,235.5,14.6,52.5,12.74,3.979681653901961
2023-11-04 11:00:00,SENS-A2,2798.3,248.8,18.01,53.8,13.87,4.00369019395397
2023-11-04 12:00:00,SENS-A1,3031.7,263.3,14.28,43.8,7.6,3.8022081394209395
2023-11-04 13:00:00,SENS-A2,3013.7,255.4,21.29,49.9,14.69,3.929862923556477
2023-11-04 14:00:00,SENS-A1,3271.0,256.4,22.49,38.7,14.31,3.681351187693145
2023-11-04 15:00:00,SENS-B1,2871.0,266.6,19.34,49.0,14.35,3.912023005428146
2023-11-04 16:00:00,SENS-A1,3344.2,,20.86,45.5,23.02,3.839452312593311
2023-11-04 17:00:00,SENS-B2,3056.8,240.7,19.02,51.7,10.86,3.9646154555473165
2023-11-04 18:00:00,SENS-A2,3056.7,258.6,22.22,41.7,16.99,3.754198920234579
2023-11-04 19:00:00,SENS-A2,2911.0,247.8,20.39,47.4,20.72,3.8794998137225862
2023-11-04 20:00:00,SENS-B1,3047.2,266.8,14.04,54.8,15.6,4.021773869387265
2023-11-04 22:00:00,SENS-B2,3140.6,240.6,18.83,40.5,12.93,3.725693427236653
2023-11-04 23:00:00,SENS-A1,2853.3,255.1,16.19,51.3,16.23,3.9569963710708773
2023-11-05 00:00:00,SENS-B1,3211.0,236.5,18.68,47.1,15.77,3.8732821771117156
2023-11-05 01:00:00,SENS-B2,3054.2,264.2,14.29,49.1,14.43,3.914021008090819
2023-11-05 02:00:00,SENS-A2,3091.2,229.0,16.25,46.4,16.51,3.858622228701031
2023-11-05 03:00:00,SENS-A2,2966.9,268.3,20.43,59.9,10.87,4.109233174715851
2023-11-05 04:00:00,SENS-B2,2860.8,254.8,20.68,42.2,16.51,3.765840495250065
2023-11-05 05:00:00,SENS-A1,3010.9,247.5,20.92,64.2,15.48,4.177459468932607
2023-11-05 06:00:00,SENS-A1,3028.1,261.5,20.01,48.0,13.01,3.8918202981106265
2023-11-05 07:00:00,SENS-B1,2792.2,257.7,17.92,50.9,12.13,3.949318790171843
2023-11-05 08:00:00,SENS-A2,3119.0,270.0,19.84,47.1,15.24,3.8732821771117156
2023-11-05 09:00:00,SENS-B2,3149.5,269.8,18.69,46.9,17.81,3.8691155044168695
2023-11-05 10:00:00,SENS-A1,2890.6,255.3,15.12,46.1,14.54,3.8522730010223722
2023-11-05 11:00:00,SENS-B1,2846.6,236.9,17.68,53.0,13.29,3.9889840465642745
2023-11-05 12:00:00,SENS-A2,2954.6,241.9,22.67,42.9,15.38,3.7819143200811256
2023-11-05 14:00:00,SENS-B1,2960.4,266.2,21.95,39.1,17.01,3.6913763343125234
2023-11-05 15:00:00,SENS-B1,2990.9,243.2,24.63,51.4,14.91,3.9589065913269965
2023-11-05 16:00:00,SENS-A1,3033.2,244.4,20.26,54.2,17.45,4.01096295328305
2023-11-05 17:00:00,SENS-B2,2794.8,277.7,25.23,43.6,15.95,3.7977338590260183
2023-11-05 18:00:00,SENS-A2,2812.0,248.4,26.16,53.4,13.44,3.996364153861897
2023-11-05 19:00:00,SENS-B2,2655.76,240.5,14.8,50.3,11.51,3.937690752176724
2023-11-05 20:00:00,SENS-A2,3141.4,261.6,20.66,58.0,13.16,4.07753744390572
2023-11-05 21:00:00,SENS-A2,3002.3,249.2,20.26,45.7,12.79,3.8437441646748516
2023-11-05 23:00:00,SENS-B1,2829.3,265.6,21.48,38.0,16.6,3.6635616461296463
2023-11-06 00:00:00,SENS-A1,3003.7,238.8,20.12,48.4,15.35,3.899950424193877
2023-11-06 01:00:00,SENS-A2,3032.2,250.7,17.79,41.5,12.46,3.7495040759303713
2023-11-06 02:00:00,SENS-B1,2915.7,249.0,19.92,59.3,18.57,4.09933210373314
2023-11-06 03:00:00,SENS-A2,2767.0,253.5,23.61,48.7,14.17,3.906004933102583
2023-11-06 04:00:00,SENS-A1,3261.9,218.971,20.55,49.1,16.21,3.914021008090819
2023-11-06 05:00:00,SENS-A2,3209.9,245.0,21.88,52.2,15.1,3.9740583963475986
2023-11-06 06:00:00,SENS-A1,2942.7,266.9,19.17,50.0,15.42,3.9318256327243257
2023-11-06 07:00:00,SENS-A1,3076.5,269.0,21.36,47.0,16.14,3.8712010109078907
2023-11-06 08:00:00,SENS-A2,2927.3,235.1,16.37,43.7,13.61,3.7999735016195233
2023-11-06 09:00:00,SENS-A2,2850.7,263.8,18.5,50.8,17.61,3.9473901492654373
2023-11-06 10:00:00,SENS-A1,3274.1,238.6,19.69,51.9,11.84,3.9684033388642534
2023-11-06 11:00:00,SENS-B1,2751.7,244.4,16.17,53.5,12.92,3.9982007016691985
2023-11-06 12:00:00,SENS-B2,2957.2,245.2,17.51,59.6,17.58,4.104294893075269
2023-11-06 13:00:00,SENS-A1,3012.6,251.6,20.94,39.1,16.18,3.6913763343125234
2023-11-06 14:00:00,SENS-A2,3247.7,265.0,20.39,49.7,20.08,3.9259259105971376
2023-11-06 15:00:00,SENS-A2,3134.5,254.0,22.42,56.0,9.04,4.04305126783455
2023-11-06 16:00:00,SENS-B1,2749.2,248.1,18.2,49.4,,3.919991175077323
2023-11-06 18:00:00,SENS-A1,3003.2,238.0,17.98,43.5,12.17,3.7954891891721947
2023-11-06 19:00:00,SENS-A1,2965.7,248.8,22.12,51.6,16.79,3.9627161197436642
2023-11-06 20:00:00,SENS-B2,3093.0,264.9,23.57,51.5,11.52,3.960813169597578
2023-11-06 21:00:00,SENS-A1,2788.6,257.9,21.45,53.4,14.61,3.996364153861897
2023-11-06 22:00:00,SENS-B2,2938.7,243.0,23.18,46.1,17.33,3.8522730010223722
2023-11-06 23:00:00,SENS-A2,3071.8,227.3,20.1,51.3,16.0,3.9569963710708773
2023-11-07 00:00:00,SENS-B2,3101.9,254.7,22.42,45.3,15.02,3.835141961092188
2023-11-07 01:00:00,SENS-A1,3022.4,226.3,20.23,51.3,14.1,3.9569963710708773
2023-11-07 02:00:00,SENS-B2,2956.7,246.8,16.93,50.3,15.4,3.937690752176724
2023-11-07 03:00:00,SENS-B1,2982.0,267.7,20.74,45.9,18.98,3.8480176754522337
2023-11-07 04:00:00,SENS-A2,3111.1,259.0,17.01,57.8,13.68,4.074141854904581
2023-11-07 05:00:00,SENS-A2,3005.1,219.6,27.02,41.5,15.74,3.7495040759303713
2023-11-07 07:00:00,SENS-A1,2815.0,,21.94,45.8,14.56,3.845883202923601
2023-11-07 08:00:00,SENS-B1,2776.6,230.9,19.96,59.2,15.14,4.097672352314776
2023-11-07 09:00:00,SENS-A2,3218.3,255.0,16.3,53.0,15.97,3.9889840465642745
2023-11-07 10:00:00,SENS-A2,3121.1,242.6,14.3,46.8,16.1,3.86702563949741
2023-11-07 11:00:00,SENS-A1,2984.0,242.7,22.25,48.6,16.76,3.903990833730882
2023-11-07 12:00:00,SENS-A1,2931.9,251.9,24.65,59.3,12.97,4.09933210373314
2023-11-07 13:00:00,SENS-B1,2913.9,240.6,17.8,45.3,24.07,3.835141961092188
2023-11-07 14:00:00,SENS-B2,3164.0,251.4,15.03,41.2,14.02,3.742420221041966
2023-11-07 16:00:00,SENS-B2,2909.2,241.9,17.19,51.6,11.4,3.9627161197436642
2023-11-07 17:00:00,SENS-B1,3170.8,264.9,18.05,53.3,10.73,3.9945242269398897
2023-11-07 18:00:00,SENS-B2,3004.2,266.4,21.83,53.4,17.39,3.996364153861897
2023-11-07 19:00:00,SENS-A2,2968.1,224.4,19.85,,11.89,
2023-11-07 20:00:00,SENS-B2,3225.6,261.2,17.51,41.4,18.13,3.747148362237912
2023-11-07 21:00:00,SENS-B1,2998.5,271.0,21.77,44.0,16.48,3.8066624897703196
2023-11-07 22:00:00,SENS-B1,3044.5,273.4,22.0,53.3,14.19,3.9945242269398897
2023-11-07 23:00:00,SENS-B1,3037.2,257.8,18.99,44.5,16.23,3.817712325956905
2023-11-08 00:00:00,SENS-B2,2756.2,234.1,20.41,42.7,15.85,3.7773481021015445
2023-11-08 02:00:00,SENS-A1,2915.6,237.0,21.28,41.9,14.97,3.758871825933971
2023-11-08 03:00:00,SENS-A2,2786.8,244.9,20.12,48.2,13.04,3.8958936234982624
2023-11-08 04:00:00,SENS-B2,2922.4,255.7,24.3,49.7,16.31,3.9259259105971376
2023-11-08 05:00:00,SENS-B2,2921.2,237.9,21.75,56.5,13.57,4.051784947803305
2023-11-08 06:00:00,SENS-A1,3154.5,232.8,18.65,40.7,14.81,3.7305011288047556
2023-11-08 07:00:00,SENS-B2,2840.4,257.0,18.67,52.1,14.72,3.9721769282478934
2023-11-08 08:00:00,SENS-B1,2881.5,278.0,18.33,45.5,15.24,3.839452312593311
2023-11-08 09:00:00,SENS-B1,3035.3,268.6,21.9,53.1,18.33,3.9908341858524357
2023-11-08 10:00:00,SENS-B1,2801.1,260.6,18.13,45.5,14.52,3.839452312593311
2023-11-08 11:00:00,SENS-B1,2901.1,264.7,18.73,57.9,17.44,4.075841090657541
2023-11-08 12:00:00,SENS-B1,2750.3,259.6,23.17,45.5,,3.839452312593311
2023-11-08 13:00:00,SENS-B2,3138.0,256.7,20.57,37.7,17.84,3.655839600035736
2023-11-08 14:00:00,SENS-A1,2954.8,263.5,23.6,46.1,14.32,3.8522730010223722
2023-11-08 15:00:00,SENS-A1,2997.6,229.5,22.39,48.7,15.99,3.906004933102583
2023-11-08 16:00:00,SENS-B1,3137.4,253.0,16.47,55.4,14.88,4.032469158504013
2023-11-08 17:00:00,SENS-B2,2891.7,248.8,19.69,43.7,9.02,3.7999735016195233
2023-11-08 18:00:00,SENS-A2,2953.2,251.2,22.97,43.8,12.82,3.8022081394209395
2023-11-08 19:00:00,SENS-A2,2841.6,243.1,16.33,54.8,16.16,4.021773869387265
2023-11-08 20:00:00,SENS-B2,2841.2,257.8,21.26,43.1,16.03,3.7864597824528
2023-11-08 21:00:00,SENS-B1,2861.9,237.7,19.88,49.1,12.41,3.914021008090819
2023-11-08 22:00:00,SENS-A1,2926.1,242.0,14.74,49.2,15.44,3.9160150266976834
2023-11-08 23:00:00,SENS-B2,2942.3,240.2,20.36,51.1,18.97,3.9531649487593215
2023-11-09 00:00:00,SENS-A2,3043.3,263.0,17.49,46.3,,3.856510295497887
2023-11-09 01:00:00,SENS-A2,2866.3,249.8,16.5,45.4,16.46,3.8372994592322094
2023-11-09 02:00:00,SENS-A2,3047.9,243.1,20.03,51.7,16.19,3.9646154555473165
2023-11-09 03:00:00,SENS-B1,3072.8,244.4,14.21,45.5,14.93,3.839452312593311
2023-11-09 04:00:00,SENS-A2,2929.8,250.1,17.98,43.2,13.98,3.7887247890836524
2023-11-09 05:00:00,SENS-B2,3366.6850000000004,274.3,27.65,56.1,17.09,4.044804116661965
2023-11-09 06:00:00,SENS-B2,3012.8,231.5,21.95,52.4,15.93,3.977810745966149
2023-11-09 07:00:00,SENS-A2,2969.6,260.1,17.36,58.8,12.24,4.091005660956586
2023-11-09 08:00:00,SENS-B2,3033.1,257.1,24.21,53.9,15.44,4.005513348515485
2023-11-09 09:00:00,SENS-A2,3235.5,236.8,17.02,43.7,12.7,3.7999735016195233
2023-11-09 10:00:00,SENS-A2,3010.3,272.0,18.34,50.5,13.07,3.9415818076696905
2023-11-09 11:00:00,SENS-A1,2904.1,258.1,16.55,44.9,13.7,3.8264651170664994
2023-11-09 12:00:00,SENS-B1,2866.4,242.4,20.77,41.7,15.09,3.754198920234579
2023-11-09 13:00:00,SENS-B1,2872.2,222.1,24.11,47.8,,3.8877303128591016
2023-11-09 14:00:00,SENS-A1,2780.6,253.4,17.0,54.9,15.1,4.023564380161053
2023-11-09 15:00:00,SENS-A1,3139.9,249.3,13.82,51.4,13.31,3.9589065913269965
2023-11-09 16:00:00,SENS-B1,2665.0,234.5,23.27,43.0,13.99,3.784189633918261
2023-11-09 17:00:00,SENS-A2,3073.2,234.3,24.66,47.6,17.1,3.883623530906448
2023-11-09 18:00:00,SENS-A2,2869.8,263.0,14.01,49.3,9.29,3.9180050771056933
2023-11-09 19:00:00,SENS-B1,2923.1,220.7,21.38,41.6,14.38,3.751854253275325
2023-11-09 20:00:00,SENS-A2,2865.3,254.7,20.68,53.6,18.09,4.000033882750859
2023-11-09 21:00:00,SENS-A1,3216.9,247.2,17.64,48.9,16.03,3.910021002757473
2023-11-09 22:00:00,SENS-A2,3002.4,257.5,15.82,43.0,17.53,3.784189633918261
2023-11-09 23:00:00,SENS-A2,3118.6,245.6,22.98,42.8,10.93,3.7796338173824005
2023-11-10 00:00:00,SENS-B2,3195.1,254.4,20.54,55.5,12.52,4.034240638152395
2023-11-10 01:00:00,SENS-B2,3024.5,238.9,20.76,48.1,16.03,3.893859034800475
2023-11-10 02:00:00,SENS-B2,2820.7,249.3,18.13,56.0,13.88,4.04305126783455
2023-11-10 03:00:00,SENS-A2,2966.9,,17.59,57.9,12.72,4.075841090657541
2023-11-10 04:00:00,SENS-B1,2888.7,252.3,12.64,55.1,14.22,4.027135812528651
2023-11-10 05:00:00,SENS-A1,2924.5,255.7,19.32,47.3,15.8,3.877431560658527
2023-11-10 06:00:00,SENS-A2,2985.8,286.8860000000001,24.32,37.5,12.1,3.6506582412937387
2023-11-10 07:00:00,SENS-B1,2979.9,241.1,17.33,51.6,16.04,3.9627161197436642
2023-11-10 08:00:00,SENS-A2,3061.8,241.4,15.43,60.5,9.65,4.119037174812473
2023-11-10 09:00:00,SENS-A1,3083.6,245.9,21.31,49.8,15.98,3.927896354584436
2023-11-10 10:00:00,SENS-A2,2979.9,270.4,21.86,40.1,13.01,3.716008121502189
2023-11-10 11:00:00,SENS-A1,3060.5,244.7,18.24,46.6,14.1,3.8628327612373745
2023-11-10 12:00:00,SENS-A2,2917.6,232.8,18.95,49.1,16.3,3.914021008090819
2023-11-10 13:00:00,SENS-A1,3197.2,258.1,20.79,44.5,15.89,3.817712325956905
2023-11-10 14:00:00,SENS-A2,2915.2,270.2,19.53,37.2,14.98,3.6428355156125294
2023-11-10 15:00:00,SENS-A1,3179.6,231.1,23.0,49.5,16.94,3.9219733362813143
2023-11-10 16:00:00,SENS-B2,2778.6,279.6,27.31,46.1,11.6,3.8522730010223722
2023-11-10 17:00:00,SENS-A2,2942.9,256.2,14.87,58.9,15.41,4.092676505121403
2023-11-10 18:00:00,SENS-A2,2950.4,,23.69,50.5,13.42,3.9415818076696905
2023-11-10 19:00:00,SENS-B1,3041.8,272.0,20.32,52.3,16.84,3.975936331171799
2023-11-10 21:00:00,SENS-A1,2812.6,248.3,22.17,50.5,16.45,3.9415818076696905
2023-11-10 22:00:00,SENS-A2,2833.8,268.3,20.18,41.7,18.29,3.754198920234579
2023-11-10 23:00:00,SENS-A1,2789.7,253.8,22.28,44.8,17.25,3.8242840911201395
2023-11-11 00:00:00,SENS-B2,3198.0,286.8860000000001,18.82,55.4,14.69,4.032469158504013
2023-11-11 01:00:00,SENS-B1,3044.6,268.0,17.68,51.0,15.0,3.9512437185814275
2023-11-11 02:00:00,SENS-A1,2837.3,233.6,22.43,48.0,16.2,3.8918202981106265
2023-11-11 03:00:00,SENS-A1,2933.5,261.9,17.47,52.4,15.27,3.977810745966149
2023-11-11 04:00:00,SENS-B1,3177.3,247.3,21.93,52.5,16.41,3.979681653901961
2023-11-11 05:00:00,SENS-A2,2958.3,252.1,20.09,60.0,10.54,4.110873864173311
2023-11-11 06:00:00,SENS-A1,2949.4,251.9,13.01,50.8,18.76,3.9473901492654373
2023-11-11 07:00:00,SENS-B1,2882.8,251.3,18.28,44.7,15.12,3.822098297900159
2023-11-11 08:00:00,SENS-A2,2846.3,272.9,21.0,49.4,11.76,3.919991175077323
2023-11-11 09:00:00,SENS-B2,3177.5,229.5,18.78,53.0,13.64,3.9889840465642745
2023-11-11 10:00:00,SENS-B1,3251.1,224.2,12.36,55.0,10.74,4.02535169073515
2023-11-11 12:00:00,SENS-B2,3210.7,266.0,20.51,51.3,14.72,3.9569963710708773
2023-11-11 13:00:00,SENS-A2,2926.9,238.4,21.33,45.5,18.03,3.839452312593311
2023-11-11 14:00:00,SENS-A2,3080.0,252.0,18.58,47.2,15.82,3.8753590210565547
2023-11-11 15:00:00,SENS-B1,3211.5,248.3,21.59,54.2,15.47,4.01096295328305
2023-11-11 16:00:00,SENS-B1,2978.2,236.7,25.5,53.7,12.73,4.001863709427935
2023-11-11 17:00:00,SENS-B1,2950.8,262.8,17.79,46.6,13.35,3.8628327612373745
2023-11-11 18:00:00,SENS-A2,3120.2,248.1,25.0,49.2,13.51,3.9160150266976834
2023-11-11 19:00:00,SENS-B2,2833.5,246.4,21.2,47.3,13.88,3.877431560658527
2023-11-11 20:00:00,SENS-A2,3172.1,253.5,17.39,64.5,14.3,4.182050142641207
2023-11-11 21:00:00,SENS-A1,3021.4,260.8,26.64,51.4,14.45,3.9589065913269965
2023-11-11 22:00:00,SENS-A2,2913.3,235.6,21.17,45.8,14.32,3.845883202923601
2023-11-11 23:00:00,SENS-A1,2909.4,263.1,22.03,56.6,13.66,4.053522567701846
2023-11-12 00:00:00,SENS-B2,2792.5,271.7,19.19,56.8,15.27,4.056988775678332
2023-11-12 01:00:00,SENS-B1,2919.6,228.6,17.61,59.0,14.37,4.0943445622221
2023-11-12 02:00:00,SENS-B1,2960.4,254.2,20.5,60.4,11.81,4.117409835153096
2023-11-12 03:00:00,SENS-A2,2840.8,245.4,24.74,53.5,,3.9982007016691985
2023-11-12 04:00:00,SENS-B1,2993.2,260.5,19.07,48.3,14.77,3.8979240810486444
2023-11-12 05:00:00,SENS-B2,3070.9,231.8,19.92,49.0,11.84,3.912023005428146
2023-11-12 06:00:00,SENS-B1,2968.0,274.4,24.37,48.5,13.82,3.9019726695746444
2023-11-12 07:00:00,SENS-A2,3099.4,286.8860000000001,19.1,48.0,16.19,3.8918202981106265
2023-11-12 08:00:00,SENS-B2,2878.9,246.3,21.53,56.2,12.73,4.046553898385752
2023-11-12 09:00:00,SENS-A1,3150.5,256.5,22.63,50.0,12.52,3.9318256327243257
2023-11-12 10:00:00,SENS-A2,3018.3,239.7,19.41,54.9,14.35,4.023564380161053
2023-11-12 11:00:00,SENS-A1,3231.8,237.3,20.93,53.4,16.25,3.996364153861897
2023-11-12 12:00:00,SENS-B2,3362.1,253.3,21.98,44.5,18.62,3.817712325956905
2023-11-12 13:00:00,SENS-A2,2929.5,251.2,18.8,41.4,16.32,3.747148362237912
2023-11-12 14:00:00,SENS-A2,2935.6,250.1,22.45,43.8,17.17,3.8022081394209395
2023-11-12 15:00:00,SENS-B2,2963.1,262.9,18.36,47.9,15.69,3.8897773964808264
2023-11-12 16:00:00,SENS-B1,3089.4,244.1,17.97,50.7,13.63,3.9454577815143836
2023-11-12 17:00:00,SENS-A2,3198.9,254.8,15.42,46.8,16.3,3.86702563949741
2023-11-12 18:00:00,SENS-A2,2902.1,242.4,18.49,53.5,14.83,3.9982007016691985
2023-11-12 19:00:00,SENS-A1,3057.2,237.3,17.55,47.4,,3.8794998137225862
2023-11-12 20:00:00,SENS-B1,2979.6,,18.8,51.3,13.11,3.9569963710708773
2023-11-12 21:00:00,SENS-A1,3092.7,242.5,21.84,50.6,15.93,3.9435216724875173
2023-11-12 22:00:00,SENS-A1,3226.4,243.3,14.82,58.7,14.76,4.089332020398556
2023-11-12 23:00:00,SENS-B1,2964.0,267.5,14.08,45.1,15.46,3.8308129500026027
2023-11-13 00:00:00,SENS-B1,2749.5,246.2,17.75,61.0,14.83,4.127134385045092
2023-11-13 01:00:00,SENS-B2,3111.6,240.1,21.38,47.0,14.45,3.8712010109078907
2023-11-13 02:00:00,SENS-B1,2875.1,250.4,20.87,43.3,15.97,3.7909846770510898
2023-11-13 03:00:00,SENS-A2,2978.5,251.6,17.7,48.9,14.19,3.910021002757473
2023-11-13 04:00:00,SENS-B1,3118.1,232.2,23.51,66.2,11.82,4.207673247529104
2023-11-13 05:00:00,SENS-B2,3044.6,245.5,18.02,54.5,11.25,4.0163830207523885
2023-11-13 06:00:00,SENS-B2,2984.7,244.9,21.39,168.1,15.37,5.130490255904535
2023-11-13 07:00:00,SENS-B2,2913.6,247.4,18.91,54.0,14.11,4.007333185232471
2023-11-13 08:00:00,SENS-B1,2655.76,260.9,17.39,46.2,11.54,3.85439389259151
2023-11-13 09:00:00,SENS-B1,3104.7,252.1,18.18,51.6,15.21,3.9627161197436642
2023-11-13 10:00:00,SENS-A1,2962.1,268.4,22.2,50.0,17.63,3.9318256327243257
2023-11-13 11:00:00,SENS-A1,3227.0,249.8,21.08,59.0,14.0,4.0943445622221
2023-11-13 12:00:00,SENS-A2,3059.7,276.6,22.9,49.5,15.49,3.9219733362813143
2023-11-13 13:00:00,SENS-A1,2918.8,243.1,21.08,48.1,17.63,3.893859034800475
2023-11-13 14:00:00,SENS-A2,3160.0,238.5,15.17,44.2,20.66,3.8110970868381857
2023-11-13 15:00:00,SENS-B2,3172.7,258.2,26.34,50.7,15.29,3.9454577815143836
2023-11-13 16:00:00,SENS-A1,2967.1,270.5,21.13,51.5,14.83,3.960813169597578
2023-11-13 17:00:00,SENS-B1,3179.0,229.3,21.54,44.0,15.32,3.8066624897703196
2023-11-13 18:00:00,SENS-A1,2916.7,247.0,18.87,52.3,15.62,3.975936331171799
2023-11-13 19:00:00,SENS-A2,3023.9,240.8,23.34,51.2,14.46,3.955082494888593
2023-11-13 20:00:00,SENS-A1,3085.7,,16.72,55.1,15.35,4.027135812528651
2023-11-13 21:00:00,SENS-B2,3117.7,250.2,21.83,56.1,11.85,4.044804116661965
2023-11-13 22:00:00,SENS-B1,3093.2,,13.76,,15.16,
2023-11-13 23:00:00,SENS-A2,2950.1,248.4,22.03,44.8,18.53,3.8242840911201395
2023-11-14 00:00:00,SENS-B1,3164.1,270.6,16.76,45.8,14.02,3.845883202923601
2023-11-14 02:00:00,SENS-A2,2914.6,263.9,24.07,50.8,12.78,3.9473901492654373
2023-11-14 03:00:00,SENS-B1,2916.8,253.4,22.47,58.7,12.5,4.089332020398556
2023-11-14 04:00:00,SENS-B1,3291.0,275.9,23.67,52.5,15.42,3.979681653901961
2023-11-14 05:00:00,SENS-A1,2888.7,227.8,23.36,53.8,13.54,4.00369019395397
2023-11-14 06:00:00,SENS-B1,3193.7,232.5,18.43,54.7,11.45,4.019980146933238
2023-11-14 07:00:00,SENS-B1,2829.7,277.5,21.79,43.9,12.78,3.8044377947482086
2023-11-14 08:00:00,SENS-B1,3073.2,239.0,14.83,51.5,16.07,3.960813169597578
2023-11-14 09:00:00,SENS-B1,3044.6,240.0,17.94,43.8,16.55,3.8022081394209395
2023-11-14 10:00:00,SENS-A2,3243.2,236.9,24.18,48.6,15.36,3.903990833730882
2023-11-14 11:00:00,SENS-B2,2901.8,267.2,18.84,53.2,13.26,3.9926809084456005
2023-11-14 12:00:00,SENS-A1,2860.4,231.2,14.4,44.9,13.82,3.8264651170664994
2023-11-14 13:00:00,SENS-B1,2982.5,250.3,26.04,52.8,17.62,3.9852734671677386
2023-11-14 14:00:00,SENS-B1,3249.7,246.0,21.69,42.5,16.87,3.7727609380946383
2023-11-14 15:00:00,SENS-A2,2867.4,265.5,22.29,55.7,12.76,4.037774210733707
2023-11-14 16:00:00,SENS-B2,2655.76,241.5,17.06,46.7,17.33,3.8649313978942956
2023-11-14 18:00:00,SENS-A2,3142.4,232.4,20.77,42.8,16.6,3.7796338173824005
2023-11-14 19:00:00,SENS-A1,2847.9,284.1,17.54,47.1,14.67,3.8732821771117156
2023-11-14 20:00:00,SENS-A1,3127.2,246.4,19.49,40.5,17.37,3.725693427236653
2023-11-14 21:00:00,SENS-B1,2844.6,250.1,15.5,47.3,12.68,3.877431560658527
2023-11-14 22:00:00,SENS-B1,2978.0,274.8,18.96,55.5,14.49,4.034240638152395
2023-11-14 23:00:00,SENS-B2,3112.9,241.2,22.92,49.1,17.43,3.914021008090819
2023-11-15 00:00:00,SENS-B2,2821.9,275.0,17.76,44.1,10.21,3.8088822465086327
2023-11-15 01:00:00,SENS-B1,3027.2,243.8,25.72,51.1,14.91,3.9531649487593215
2023-11-15 02:00:00,SENS-A2,3182.2,260.1,15.69,50.7,14.21,3.9454577815143836
2023-11-15 03:00:00,SENS-B2,3071.1,241.4,19.22,59.8,16.37,4.107589788972121
2023-11-15 04:00:00,SENS-B1,2891.9,229.7,18.03,,17.14,
2023-11-15 05:00:00,SENS-B2,3227.8,256.2,19.46,51.5,16.46,3.960813169597578
2023-11-15 06:00:00,SENS-B1,3098.8,259.6,24.11,54.5,15.48,4.0163830207523885
2023-11-15 07:00:00,SENS-A1,2720.9,230.3,17.05,49.3,15.08,3.9180050771056933
2023-11-15 08:00:00,SENS-B1,3129.6,245.4,18.65,49.6,13.47,3.92395157629342
2023-11-15 09:00:00,SENS-A1,2914.3,268.0,21.96,,12.85,
2023-11-15 10:00:00,SENS-B2,3029.5,259.0,20.28,275.3,17.92,5.621487231929371
2023-11-15 11:00:00,SENS-B1,3151.2,244.1,20.53,54.8,13.34,4.021773869387265
2023-11-15 12:00:00,SENS-B2,2917.6,241.0,17.1,49.4,14.2,3.919991175077323
2023-11-15 13:00:00,SENS-A1,2753.2,279.2,19.79,48.5,14.85,3.9019726695746444
2023-11-15 14:00:00,SENS-B1,3225.8,228.3,23.39,47.2,17.0,3.8753590210565547
2023-11-15 15:00:00,SENS-B2,3174.7,249.1,15.17,50.8,15.45,3.9473901492654373
2023-11-15 16:00:00,SENS-A1,2986.9,228.0,17.91,49.8,16.97,3.927896354584436
2023-11-15 17:00:00,SENS-B2,3128.0,269.7,14.55,47.9,17.07,3.8897773964808264
2023-11-15 18:00:00,SENS-A2,2944.6,249.9,21.61,46.5,16.18,3.8607297110405954
2023-11-15 19:00:00,SENS-A1,3014.5,252.7,23.68,40.5,12.87,3.725693427236653
2023-11-15 20:00:00,SENS-A1,2978.4,286.8860000000001,19.45,46.4,18.32,3.858622228701031
2023-11-15 21:00:00,SENS-A1,2950.7,241.1,16.98,47.4,17.82,3.8794998137225862
2023-11-15 22:00:00,SENS-B1,3053.9,276.2,17.07,50.8,15.13,3.9473901492654373
2023-11-15 23:00:00,SENS-B1,2818.8,244.1,19.11,59.8,12.24,4.107589788972121
2023-11-16 00:00:00,SENS-B1,2962.3,246.5,19.1,46.9,13.39,3.8691155044168695
2023-11-16 01:00:00,SENS-A2,3047.2,286.8860000000001,22.74,44.9,15.51,3.8264651170664994
2023-11-16 02:00:00,SENS-A2,3275.7,247.6,17.99,46.4,13.6,3.858622228701031
2023-11-16 03:00:00,SENS-A1,2824.9,229.4,21.31,50.8,11.57,3.9473901492654373
2023-11-16 04:00:00,SENS-A2,3078.1,254.2,19.08,52.9,11.84,3.9871304779149517
2023-11-16 05:00:00,SENS-B2,3094.5,247.4,17.77,53.6,14.06,4.000033882750859
2023-11-16 06:00:00,SENS-A1,2718.5,255.5,19.01,54.1,15.39,4.009149716158869
2023-11-16 07:00:00,SENS-A1,3061.6,248.0,21.01,54.8,17.81,4.021773869387265
2023-11-16 08:00:00,SENS-B2,3132.0,283.2,22.74,48.6,15.97,3.903990833730882
2023-11-16 09:00:00,SENS-A1,3088.3,258.4,19.24,60.3,14.24,4.115779842942166
2023-11-16 10:00:00,SENS-A2,2987.4,233.9,16.39,48.2,15.76,3.8958936234982624
2023-11-16 11:00:00,SENS-B1,3050.0,251.9,23.0,50.5,15.58,3.9415818076696905
2023-11-16 12:00:00,SENS-B2,3025.5,238.0,17.31,56.5,16.48,4.051784947803305
2023-11-16 13:00:00,SENS-A2,2746.6,246.3,20.78,52.8,14.92,3.9852734671677386
2023-11-16 14:00:00,SENS-B2,3029.0,236.3,19.93,38.8,17.07,3.6838669122903918
2023-11-16 15:00:00,SENS-B2,2944.9,281.6,19.52,50.0,16.65,3.9318256327243257
2023-11-16 17:00:00,SENS-A1,3366.6850000000004,260.3,21.86,43.3,14.76,3.7909846770510898
2023-11-16 18:00:00,SENS-A2,3187.9,245.1,9.25,53.8,16.84,4.00369019395397
2023-11-16 19:00:00,SENS-B2,2827.5,232.6,23.41,52.0,13.57,3.970291913552122
2023-11-16 20:00:00,SENS-A1,3052.0,253.0,17.26,55.9,14.91,4.041295341132285
2023-11-16 21:00:00,SENS-A1,3218.7,256.0,21.22,46.5,11.98,3.8607297110405954
2023-11-16 22:00:00,SENS-B2,2775.6,258.4,21.07,55.0,21.82,4.02535169073515
2023-11-16 23:00:00,SENS-A2,3011.5,218.971,23.82,50.8,16.32,3.9473901492654373
2023-11-17 00:00:00,SENS-A2,3018.6,231.5,20.59,58.8,14.15,4.091005660956586
2023-11-17 01:00:00,SENS-B2,2808.8,264.4,17.51,63.9,15.41,4.1728476237100445
2023-11-17 02:00:00,SENS-A2,3056.9,236.1,15.19,57.7,14.01,4.072439726834051
2023-11-17 04:00:00,SENS-B2,3226.2,231.1,14.13,61.6,12.95,4.136765278106052
2023-11-17 05:00:00,SENS-A1,2962.6,261.0,18.11,53.0,14.82,3.9889840465642745
2023-11-17 06:00:00,SENS-B1,3366.6850000000004,264.0,19.12,45.5,14.65,3.839452312593311
2023-11-17 07:00:00,SENS-B1,2691.3,261.0,17.93,49.8,15.83,3.927896354584436
2023-11-17 08:00:00,SENS-A2,3053.4,265.5,20.13,53.8,15.58,4.00369019395397
2023-11-17 09:00:00,SENS-B1,2788.2,273.5,19.29,54.1,14.61,4.009149716158869
2023-11-17 10:00:00,SENS-A1,3013.5,232.4,19.02,44.4,11.99,3.8155121050473024
2023-11-17 11:00:00,SENS-B1,2921.7,238.2,12.73,44.5,17.14,3.817712325956905
2023-11-17 12:00:00,SENS-A1,3076.0,263.5,16.12,48.3,14.83,3.8979240810486444
2023-11-17 14:00:00,SENS-A2,2876.1,239.9,22.41,53.3,18.2,3.9945242269398897
2023-11-17 15:00:00,SENS-A1,2886.0,238.8,14.48,50.7,16.82,3.9454577815143836
2023-11-17 16:00:00,SENS-B1,3289.9,240.2,17.56,45.8,15.89,3.845883202923601
2023-11-17 17:00:00,SENS-A2,3066.5,225.9,23.22,58.7,15.0,4.089332020398556
2023-11-17 18:00:00,SENS-B2,2744.7,230.9,17.85,44.6,14.98,3.8199077165203406
2023-11-17 19:00:00,SENS-A2,3082.6,231.3,19.67,56.5,15.48,4.051784947803305
2023-11-17 20:00:00,SENS-B1,2970.8,245.6,24.33,53.7,15.81,4.001863709427935
2023-11-17 21:00:00,SENS-B2,3000.7,254.1,18.92,56.4,18.26,4.050044303325521
2023-11-17 22:00:00,SENS-B1,3123.0,256.5,18.49,47.8,19.95,3.8877303128591016
2023-11-17 23:00:00,SENS-A1,3177.5,242.4,19.53,49.3,15.58,3.9180050771056933
2023-11-18 00:00:00,SENS-B2,2871.2,242.7,25.56,50.3,10.69,3.937690752176724
2023-11-18 01:00:00,SENS-B1,2995.5,251.9,21.34,47.6,13.1,3.883623530906448
2023-11-18 02:00:00,SENS-B2,2918.1,227.6,20.06,51.1,18.62,3.9531649487593215
2023-11-18 03:00:00,SENS-B1,3089.5,264.4,18.43,57.9,16.44,4.075841090657541
2023-11-18 04:00:00,SENS-B2,2965.2,269.3,21.62,43.5,15.85,3.7954891891721947
2023-11-18 05:00:00,SENS-B1,3004.4,240.6,21.98,46.7,14.67,3.8649313978942956
2023-11-18 06:00:00,SENS-A1,2959.5,244.0,16.78,46.2,12.62,3.85439389259151
2023-11-18 07:00:00,SENS-B2,2984.1,268.6,22.06,49.5,18.36,3.9219733362813143
2023-11-18 08:00:00,SENS-B2,3255.7,248.2,19.55,49.3,13.35,3.9180050771056933
2023-11-18 09:00:00,SENS-B2,3358.6,258.8,20.07,53.9,16.46,4.005513348515485
2023-11-18 10:00:00,SENS-B2,3056.6,248.6,17.35,50.2,12.4,3.9357395320454622
2023-11-18 11:00:00,SENS-A1,2985.0,273.3,18.8,51.5,14.57,3.960813169597578
2023-11-18 12:00:00,SENS-B2,2760.7,257.4,16.91,52.0,,3.970291913552122
2023-11-18 13:00:00,SENS-A2,2885.9,258.2,16.77,51.2,14.5,3.955082494888593
2023-11-18 14:00:00,SENS-A1,2981.0,258.5,21.13,53.5,14.26,3.9982007016691985
2023-11-18 15:00:00,SENS-A2,2892.7,241.7,18.93,49.4,15.02,3.919991175077323
2023-11-18 16:00:00,SENS-B2,2908.5,,16.1,58.2,12.33,4.0809215418899605
2023-11-18 17:00:00,SENS-B1,3236.3,261.5,26.53,62.7,11.95,4.154184562578117
2023-11-18 19:00:00,SENS-B2,3017.7,232.3,23.28,51.1,14.16,3.9531649487593215
2023-11-18 20:00:00,SENS-A2,2898.9,278.1,15.57,53.1,16.41,3.9908341858524357
2023-11-18 21:00:00,SENS-B2,3176.6,264.7,21.37,44.5,17.24,3.817712325956905
2023-11-18 22:00:00,SENS-B2,2968.1,250.6,19.25,50.9,17.4,3.949318790171843
2023-11-18 23:00:00,SENS-B2,2921.9,245.9,18.11,46.3,11.76,3.856510295497887
2023-11-19 00:00:00,SENS-B1,2762.9,253.0,20.59,52.5,13.6,3.979681653901961
2023-11-19 01:00:00,SENS-A2,2990.8,257.8,20.19,46.4,16.08,3.858622228701031
2023-11-19 02:00:00,SENS-A1,2917.2,219.5,17.56,48.3,16.11,3.8979240810486444
2023-11-19 03:00:00,SENS-A1,3252.7,281.7,17.43,40.6,19.5,3.728100167267218
2023-11-19 04:00:00,SENS-A1,3276.6,238.2,15.28,44.1,13.18,3.8088822465086327
2023-11-19 05:00:00,SENS-A1,2814.7,250.0,20.92,51.8,17.34,3.966511190712216
2023-11-19 06:00:00,SENS-B2,2831.7,250.5,16.24,45.7,15.74,3.8437441646748516
2023-11-19 07:00:00,SENS-A2,2958.6,280.0,20.01,55.3,11.72,4.030694535145645
2023-11-19 08:00:00,SENS-A2,2877.6,248.7,21.78,45.2,10.18,3.832979798087693
2023-11-19 09:00:00,SENS-B1,3032.6,273.8,20.62,52.3,15.53,3.975936331171799
2023-11-19 10:00:00,SENS-A2,2951.0,256.1,17.83,46.2,11.59,3.85439389259151
2023-11-19 11:00:00,SENS-A2,3042.1,235.6,22.73,51.9,10.85,3.9684033388642534
2023-11-19 13:00:00,SENS-B1,2840.4,248.2,16.0,47.7,15.52,3.885679030088544
2023-11-19 14:00:00,SENS-A1,3149.3,233.7,19.15,45.8,18.58,3.845883202923601
2023-11-19 15:00:00,SENS-A2,2890.7,255.4,21.76,54.4,13.76,4.014579593753238
2023-11-19 16:00:00,SENS-B1,3322.3,250.3,17.98,52.3,13.83,3.975936331171799
2023-11-19 17:00:00,SENS-B1,3243.1,258.3,22.63,43.8,12.15,3.8022081394209395
2023-11-19 18:00:00,SENS-B2,2983.0,252.9,17.69,49.0,14.09,3.912023005428146
2023-11-19 19:00:00,SENS-B1,2855.5,240.2,18.1,46.1,,3.8522730010223722
2023-11-19 20:00:00,SENS-A1,2826.8,286.8860000000001,16.86,54.8,17.38,4.021773869387265
2023-11-19 21:00:00,SENS-A2,3131.0,240.6,22.05,56.4,18.38,4.050044303325521
2023-11-19 22:00:00,SENS-B1,2995.4,218.971,19.84,42.8,10.35,3.7796338173824005
2023-11-19 23:00:00,SENS-A1,3139.0,251.9,17.06,54.1,14.06,4.009149716158869
2023-11-20 00:00:00,SENS-B1,3330.6,241.7,18.81,45.9,14.19,3.8480176754522337
2023-11-20 01:00:00,SENS-B1,2884.4,255.7,10.79,,14.65,
2023-11-20 02:00:00,SENS-B1,2815.5,280.0,22.33,50.2,17.0,3.9357395320454622
2023-11-20 03:00:00,SENS-B1,3028.9,280.4,19.49,59.1,14.07,4.096009841541162
2023-11-20 04:00:00,SENS-B1,3171.7,247.5,12.78,45.0,14.82,3.828641396489095
2023-11-20 05:00:00,SENS-A1,2858.9,237.6,15.63,54.2,20.96,4.01096295328305
2023-11-20 06:00:00,SENS-A2,3005.2,258.8,18.74,44.1,14.78,3.8088822465086327
2023-11-20 07:00:00,SENS-A2,3205.5,244.4,16.06,43.8,18.53,3.8022081394209395
2023-11-20 08:00:00,SENS-A2,2755.1,255.9,22.38,,16.0,
2023-11-20 09:00:00,SENS-A2,3035.3,240.1,21.26,50.1,11.09,3.933784497209659
2023-11-20 10:00:00,SENS-A1,2919.0,253.8,21.08,35.8,13.56,3.6054978451748854
2023-11-20 11:00:00,SENS-B2,3018.6,237.8,12.19,55.8,14.99,4.039536325727106
2023-11-20 12:00:00,SENS-B2,3106.5,267.8,18.42,39.3,12.75,3.696351468952637
2023-11-20 13:00:00,SENS-A1,3033.1,241.2,17.91,192.4,13.27,5.264760583019194
2023-11-20 14:00:00,SENS-A1,2848.5,259.9,17.14,56.6,14.15,4.053522567701846
2023-11-20 15:00:00,SENS-B1,2924.8,231.0,18.75,61.0,15.59,4.127134385045092
2023-11-20 16:00:00,SENS-B1,3214.0,261.7,16.62,48.2,18.65,3.8958936234982624
2023-11-20 17:00:00,SENS-B1,3049.3,235.5,20.65,42.8,14.03,3.7796338173824005
2023-11-20 18:00:00,SENS-A2,3126.0,253.9,22.3,56.5,15.92,4.051784947803305
2023-11-20 19:00:00,SENS-B1,3037.5,265.3,22.04,54.3,11.74,4.012772908528289
2023-11-20 20:00:00,SENS-B2,3121.4,247.0,19.59,47.6,,3.883623530906448
2023-11-20 21:00:00,SENS-A2,2940.6,234.6,26.0,46.9,11.56,3.8691155044168695
2023-11-20 22:00:00,SENS-B1,2884.9,257.5,23.42,46.4,16.6,3.858622228701031
2023-11-20 23:00:00,SENS-A2,3114.6,237.4,19.7,48.3,14.84,3.8979240810486444
2023-11-21 00:00:00,SENS-B2,3169.1,243.9,18.55,51.6,14.76,3.9627161197436642
2023-11-21 01:00:00,SENS-B1,2862.9,254.0,24.01,47.2,14.4,3.8753590210565547
2023-11-21 02:00:00,SENS-B2,2913.6,270.4,23.02,47.8,12.4,3.8877303128591016
2023-11-21 03:00:00,SENS-B2,2975.5,250.4,15.77,53.2,12.5,3.9926809084456005
2023-11-21 04:00:00,SENS-B2,3243.0,250.3,23.26,42.6,16.67,3.775057150354989
2023-11-21 05:00:00,SENS-B1,3084.5,261.1,19.54,48.1,15.02,3.893859034800475
2023-11-21 06:00:00,SENS-A1,2801.4,250.8,17.42,41.6,14.38,3.751854253275325
2023-11-21 07:00:00,SENS-B1,2986.1,259.5,14.06,50.5,15.89,3.9415818076696905
2023-11-21 08:00:00,SENS-B2,2963.1,266.2,19.19,40.3,14.03,3.720862499966987
2023-11-21 10:00:00,SENS-B2,2984.3,218.971,24.76,43.4,19.92,3.793239469438179
2023-11-21 11:00:00,SENS-A1,2956.5,237.7,22.87,41.1,16.48,3.7400477406883357
2023-11-21 12:00:00,SENS-A2,2945.8,268.1,18.25,48.2,15.25,3.8958936234982624
2023-11-21 13:00:00,SENS-A1,2938.9,249.5,21.17,58.6,13.97,4.087655574071304
2023-11-21 14:00:00,SENS-A1,3220.7,244.9,22.48,53.6,16.91,4.000033882750859
2023-11-21 15:00:00,SENS-A2,2945.4,267.5,20.26,40.4,13.42,3.7232808808312687
2023-11-21 16:00:00,SENS-B1,3007.5,248.5,18.24,43.3,16.2,3.7909846770510898
2023-11-21 17:00:00,SENS-A2,2991.2,218.971,18.4,48.0,18.39,3.8918202981106265
2023-11-21 18:00:00,SENS-B1,2924.2,227.4,21.16,61.2,15.06,4.130354999745133
2023-11-21 19:00:00,SENS-B1,3011.9,256.3,21.24,45.3,13.47,3.835141961092188
2023-11-21 20:00:00,SENS-B2,3009.8,249.0,19.12,45.3,15.01,3.835141961092188
2023-11-21 21:00:00,SENS-B2,3012.0,271.8,12.14,57.6,16.7,4.070734696582967
2023-11-21 22:00:00,SENS-A2,2871.1,239.0,16.13,51.0,16.24,3.9512437185814275
2023-11-21 23:00:00,SENS-A1,2969.1,245.4,21.86,55.3,16.95,4.030694535145645
2023-11-22 00:00:00,SENS-A2,3114.0,236.7,13.61,46.4,11.3,3.858622228701031
2023-11-22 01:00:00,SENS-B1,2973.0,242.2,23.55,49.5,16.9,3.9219733362813143
2023-11-22 02:00:00,SENS-B2,3024.3,221.6,23.11,56.6,14.64,4.053522567701846
2023-11-22 03:00:00,SENS-A2,3025.1,,20.12,49.3,15.18,3.9180050771056933
2023-11-22 04:00:00,SENS-A2,3062.6,249.2,21.79,55.6,17.42,4.036008985209137
2023-11-22 05:00:00,SENS-B2,3083.8,248.0,21.59,51.9,16.41,3.9684033388642534
2023-11-22 06:00:00,SENS-B2,2973.9,282.2,19.65,44.8,15.7,3.8242840911201395
2023-11-22 07:00:00,SENS-B2,2863.3,277.5,15.88,49.9,15.15,3.929862923556477
2023-11-22 08:00:00,SENS-B1,2817.2,238.7,22.9,54.9,14.91,4.023564380161053
2023-11-22 09:00:00,SENS-B2,3152.7,219.3,24.22,53.3,13.43,3.9945242269398897
2023-11-22 10:00:00,SENS-A1,3115.5,248.5,16.37,49.8,16.42,3.927896354584436
2023-11-22 11:00:00,SENS-A2,3097.4,255.6,15.77,40.5,16.98,3.725693427236653
2023-11-22 13:00:00,SENS-B2,2975.8,237.8,18.12,42.1,13.67,3.763522997109702
2023-11-22 14:00:00,SENS-B1,2906.3,273.7,20.43,47.4,18.11,3.8794998137225862
2023-11-22 15:00:00,SENS-B1,2852.9,246.1,23.62,48.1,13.79,3.893859034800475
2023-11-22 16:00:00,SENS-A2,2836.6,259.9,13.26,42.6,12.61,3.775057150354989
2023-11-22 17:00:00,SENS-A1,3181.8,236.0,24.74,55.1,13.33,4.027135812528651
2023-11-22 18:00:00,SENS-A2,2926.0,249.1,18.78,43.7,13.89,3.7999735016195233
2023-11-22 19:00:00,SENS-B2,3158.2,245.0,21.54,43.1,13.28,3.7864597824528
2023-11-22 20:00:00,SENS-A1,2972.0,239.9,21.86,,16.69,
2023-11-22 21:00:00,SENS-A1,2898.6,267.3,22.21,,10.6,
2023-11-22 22:00:00,SENS-A1,2835.8,229.2,20.19,60.3,13.23,4.115779842942166
2023-11-22 23:00:00,SENS-A1,2911.8,254.5,20.89,52.9,14.91,3.9871304779149517
2023-11-23 00:00:00,SENS-A2,3212.7,244.7,20.87,57.9,15.42,4.075841090657541
2023-11-23 01:00:00,SENS-B1,2837.4,256.2,18.11,43.9,18.38,3.8044377947482086
2023-11-23 02:00:00,SENS-B1,3317.5,244.9,14.73,60.8,18.09,4.123903364463645
2023-11-23 03:00:00,SENS-B2,2873.9,,16.34,40.7,11.8,3.7305011288047556
2023-11-23 04:00:00,SENS-B1,3112.5,235.9,19.69,47.5,11.18,3.8815637979434374
2023-11-23 05:00:00,SENS-B1,2978.2,267.4,17.64,52.8,15.05,3.9852734671677386
2023-11-23 06:00:00,SENS-B1,2951.9,249.6,17.65,42.0,13.65,3.7612001156935624
2023-11-23 07:00:00,SENS-B1,2809.3,230.1,25.4,45.4,,3.8372994592322094
2023-11-23 08:00:00,SENS-B2,2985.2,260.2,22.58,44.6,15.03,3.8199077165203406
2023-11-23 10:00:00,SENS-A1,2747.8,224.4,22.02,57.1,13.32,4.062165663857866
2023-11-23 12:00:00,SENS-A2,2904.7,265.1,20.33,47.7,13.48,3.885679030088544
2023-11-23 13:00:00,SENS-B1,3252.7,269.2,21.32,35.6,14.18,3.6000482404073204
2023-11-23 14:00:00,SENS-B1,3150.0,244.3,18.75,52.3,16.08,3.975936331171799
2023-11-23 15:00:00,SENS-A1,3254.6,252.2,17.94,54.0,12.84,4.007333185232471
2023-11-23 16:00:00,SENS-A1,2897.9,250.8,23.67,41.5,13.72,3.7495040759303713
2023-11-23 17:00:00,SENS-A1,3020.4,272.3,21.84,49.7,14.2,3.9259259105971376
2023-11-23 18:00:00,SENS-B1,2655.76,237.8,13.24,51.0,14.99,3.9512437185814275
2023-11-23 19:00:00,SENS-B1,2957.7,243.0,18.0,54.8,15.55,4.021773869387265
2023-11-23 21:00:00,SENS-A1,3023.1,228.3,18.14,45.6,13.45,3.8416005411316
2023-11-23 22:00:00,SENS-B2,2993.6,253.7,22.59,47.7,,3.885679030088544
2023-11-23 23:00:00,SENS-A2,3010.0,274.0,20.06,56.4,14.47,4.050044303325521
2023-11-24 00:00:00,SENS-B2,2655.76,247.0,15.83,55.2,13.04,4.028916756899646
2023-11-24 01:00:00,SENS-B1,3038.4,236.8,18.85,49.9,13.94,3.929862923556477
2023-11-24 02:00:00,SENS-B1,3072.5,252.8,21.63,55.1,13.58,4.027135812528651
2023-11-24 03:00:00,SENS-B2,3200.7,258.8,19.34,38.2,15.78,3.6686767467964168
2023-11-24 04:00:00,SENS-B1,3055.3,247.7,18.07,54.0,11.7,4.007333185232471
2023-11-24 05:00:00,SENS-A2,2980.4,271.1,20.99,44.4,16.19,3.8155121050473024
2023-11-24 06:00:00,SENS-B1,3165.7,237.8,24.85,58.8,14.77,4.091005660956586
2023-11-24 07:00:00,SENS-A2,2655.76,245.7,21.38,,16.47,
2023-11-24 08:00:00,SENS-B2,2922.8,254.4,23.9,45.7,13.55,3.8437441646748516
2023-11-24 09:00:00,SENS-B2,2885.1,255.9,18.27,52.8,13.2,3.9852734671677386
2023-11-24 10:00:00,SENS-B1,2994.8,250.7,19.97,53.3,14.19,3.9945242269398897
2023-11-24 11:00:00,SENS-A2,2670.2,230.8,19.91,47.8,14.14,3.8877303128591016
2023-11-24 12:00:00,SENS-B1,3197.9,285.1,20.36,51.9,16.61,3.9684033388642534
2023-11-24 13:00:00,SENS-A1,2962.5,246.5,21.32,52.5,16.59,3.979681653901961
2023-11-24 14:00:00,SENS-A1,3047.8,251.7,17.24,52.0,19.37,3.970291913552122
2023-11-24 15:00:00,SENS-A1,3033.5,259.3,21.94,48.0,14.01,3.8918202981106265
2023-11-24 16:00:00,SENS-A1,3189.4,240.5,15.12,52.5,8.3,3.979681653901961
2023-11-24 17:00:00,SENS-B1,3366.6850000000004,250.9,15.99,57.0,14.18,4.060443010546419
2023-11-24 18:00:00,SENS-A1,3016.8,,26.41,43.9,15.46,3.8044377947482086
2023-11-24 19:00:00,SENS-A2,3171.9,256.2,18.47,45.8,16.43,3.845883202923601
2023-11-24 20:00:00,SENS-B2,2985.3,245.9,22.19,50.1,15.61,3.933784497209659
2023-11-24 21:00:00,SENS-B2,2857.3,254.0,25.09,44.7,14.01,3.822098297900159
2023-11-24 22:00:00,SENS-A1,2909.4,234.3,13.06,41.0,18.43,3.7376696182833684
2023-11-24 23:00:00,SENS-A1,2941.1,237.6,23.38,55.5,12.93,4.034240638152395
2023-11-25 00:00:00,SENS-A1,2891.8,229.5,21.95,38.9,14.45,3.686376323895818
2023-11-25 01:00:00,SENS-B1,2977.1,239.3,24.92,48.0,12.84,3.8918202981106265
2023-11-25 02:00:00,SENS-B2,3226.2,218.971,16.46,53.8,15.04,4.00369019395397
2023-11-25 03:00:00,SENS-A1,2910.4,245.4,24.35,51.3,18.18,3.9569963710708773
2023-11-25 04:00:00,SENS-A2,2926.8,242.0,17.78,48.1,14.72,3.893859034800475
2023-11-25 05:00:00,SENS-A1,3069.0,252.3,23.16,44.5,14.73,3.817712325956905
2023-11-25 06:00:00,SENS-B2,2973.8,250.7,19.89,51.7,11.61,3.9646154555473165
2023-11-25 07:00:00,SENS-A1,2800.6,268.9,22.31,45.1,14.37,3.8308129500026027
2023-11-25 08:00:00,SENS-B2,2990.8,286.8860000000001,20.15,51.3,17.3,3.9569963710708773
2023-11-25 09:00:00,SENS-A1,2985.2,267.1,14.48,50.7,14.5,3.9454577815143836
2023-11-25 10:00:00,SENS-A2,3146.4,243.2,10.64,50.8,14.36,3.9473901492654373
2023-11-25 11:00:00,SENS-A1,2854.2,242.6,20.63,46.8,17.21,3.86702563949741
2023-11-25 12:00:00,SENS-A2,3147.3,263.0,19.21,60.2,14.37,4.11414718951828
2023-11-25 13:00:00,SENS-A2,2985.3,224.7,21.19,51.8,17.58,3.966511190712216
2023-11-25 14:00:00,SENS-A1,2833.8,245.3,19.24,48.6,12.43,3.903990833730882
2023-11-25 15:00:00,SENS-A2,2803.7,246.4,26.05,51.3,24.39,3.9569963710708773
2023-11-25 16:00:00,SENS-B1,3290.2,258.8,20.69,46.1,18.29,3.8522730010223722
2023-11-25 17:00:00,SENS-A1,2976.0,259.2,18.66,48.1,17.02,3.893859034800475
2023-11-25 18:00:00,SENS-A1,3140.5,238.8,21.01,62.0,11.27,4.143134726391533
2023-11-25 19:00:00,SENS-A2,2743.8,243.8,18.71,46.2,13.72,3.85439389259151
2023-11-25 21:00:00,SENS-A1,3134.0,238.0,16.35,47.7,17.02,3.885679030088544
2023-11-25 22:00:00,SENS-B1,2961.7,268.1,19.97,44.8,12.34,3.8242840911201395
2023-11-25 23:00:00,SENS-A2,2954.1,259.1,18.57,52.1,12.96,3.9721769282478934
2023-11-26 00:00:00,SENS-A2,3110.2,252.6,16.63,50.2,11.79,3.9357395320454622
2023-11-26 01:00:00,SENS-B2,3101.6,255.9,25.93,54.6,13.35,4.018183201256536
2023-11-26 02:00:00,SENS-B1,3027.4,243.0,16.75,54.1,12.5,4.009149716158869
2023-11-26 03:00:00,SENS-B1,3001.6,240.6,20.02,54.5,18.2,4.0163830207523885
2023-11-26 04:00:00,SENS-A1,3084.2,243.6,17.59,45.4,13.71,3.8372994592322094
2023-11-26 05:00:00,SENS-B1,2738.7,257.5,20.89,53.2,10.88,3.9926809084456005
2023-11-26 06:00:00,SENS-A1,2944.3,253.0,16.18,,15.04,
2023-11-26 07:00:00,SENS-B2,2753.0,243.7,22.52,44.9,,3.8264651170664994
2023-11-26 08:00:00,SENS-B1,3090.7,261.2,26.11,48.4,13.82,3.899950424193877
2023-11-26 09:00:00,SENS-A2,2898.6,247.4,17.48,42.7,16.54,3.7773481021015445
2023-11-26 10:00:00,SENS-B2,2764.3,239.6,23.65,53.3,15.31,3.9945242269398897
2023-11-26 11:00:00,SENS-A1,2880.9,253.8,18.85,53.3,15.19,3.9945242269398897
2023-11-26 12:00:00,SENS-B2,3022.4,234.8,24.52,57.2,13.81,4.063885354737392
2023-11-26 13:00:00,SENS-A1,2969.2,224.7,26.57,48.9,14.14,3.910021002757473
2023-11-26 14:00:00,SENS-B2,2824.0,249.9,19.3,52.3,16.18,3.975936331171799
2023-11-26 15:00:00,SENS-A1,2744.3,240.1,15.44,54.9,20.75,4.023564380161053
2023-11-26 16:00:00,SENS-B1,3011.1,246.2,22.84,46.2,15.25,3.85439389259151
2023-11-26 17:00:00,SENS-A2,2912.9,235.5,20.67,45.5,13.49,3.839452312593311
2023-11-26 18:00:00,SENS-A1,2961.3,268.1,21.51,46.4,18.89,3.858622228701031
2023-11-26 19:00:00,SENS-B2,2976.0,240.1,18.98,48.3,14.04,3.8979240810486444
2023-11-26 20:00:00,SENS-A1,3064.5,243.5,17.35,45.6,14.94,3.8416005411316
2023-11-26 21:00:00,SENS-A1,3127.0,255.7,23.48,46.6,14.63,3.8628327612373745
2023-11-26 22:00:00,SENS-A1,3022.0,229.4,20.96,54.4,18.91,4.014579593753238
2023-11-26 23:00:00,SENS-B2,2951.9,228.2,15.67,49.5,14.42,3.9219733362813143
2023-11-27 00:00:00,SENS-A2,3003.7,255.7,22.06,51.5,19.78,3.960813169597578
2023-11-27 01:00:00,SENS-B1,2949.1,243.3,21.46,47.2,15.24,3.8753590210565547
2023-11-27 02:00:00,SENS-A2,2753.6,236.5,19.02,46.9,13.61,3.8691155044168695
2023-11-27 03:00:00,SENS-A1,3163.8,259.1,24.86,51.4,15.22,3.9589065913269965
2023-11-27 05:00:00,SENS-A2,3298.3,245.9,19.49,53.9,15.6,4.005513348515485
2023-11-27 06:00:00,SENS-A1,3342.1,236.6,22.31,56.5,15.53,4.051784947803305
2023-11-27 07:00:00,SENS-B1,2823.6,254.6,20.23,46.5,13.56,3.8607297110405954
2023-11-27 08:00:00,SENS-B1,2949.7,270.0,15.85,54.3,18.42,4.012772908528289
2023-11-27 09:00:00,SENS-B1,3366.6850000000004,222.1,20.55,44.6,9.0,3.8199077165203406
2023-11-27 10:00:00,SENS-A1,2993.9,251.7,18.76,60.4,16.71,4.117409835153096
2023-11-27 11:00:00,SENS-B2,3036.6,262.8,22.57,46.1,16.31,3.8522730010223722
2023-11-27 12:00:00,SENS-A2,3366.6850000000004,243.7,20.45,53.5,14.53,3.9982007016691985
2023-11-27 14:00:00,SENS-A1,3289.8,256.3,16.86,49.2,13.33,3.9160150266976834
2023-11-27 15:00:00,SENS-A1,3193.0,265.0,19.31,57.7,12.75,4.072439726834051
2023-11-27 16:00:00,SENS-A2,2908.5,263.4,22.91,45.9,12.03,3.8480176754522337
2023-11-27 17:00:00,SENS-B1,2940.6,255.5,17.67,61.0,15.82,4.127134385045092
2023-11-27 18:00:00,SENS-A1,2830.4,251.5,19.9,50.0,12.24,3.9318256327243257
2023-11-27 19:00:00,SENS-A2,2872.3,236.5,17.19,54.9,14.0,4.023564380161053
2023-11-27 20:00:00,SENS-B2,2713.5,263.0,16.45,52.0,14.88,3.970291913552122
2023-11-27 21:00:00,SENS-B2,2987.3,262.1,19.75,52.3,16.99,3.975936331171799
2023-11-27 22:00:00,SENS-B2,3226.5,232.9,20.52,42.9,13.84,3.7819143200811256
2023-11-27 23:00:00,SENS-B1,3053.3,255.5,25.98,47.6,17.23,3.883623530906448
2023-11-28 00:00:00,SENS-A2,3204.9,259.8,18.63,56.0,16.88,4.04305126783455
2023-11-28 01:00:00,SENS-A2,3161.0,263.2,19.85,48.3,13.01,3.8979240810486444
2023-11-28 02:00:00,SENS-A1,2918.0,248.9,16.25,50.7,17.25,3.9454577815143836
2023-11-28 03:00:00,SENS-A1,2886.1,237.1,21.84,42.3,14.43,3.768152635008444
2023-11-28 04:00:00,SENS-A1,2891.8,242.5,21.19,47.3,12.8,3.877431560658527
2023-11-28 06:00:00,SENS-A1,3004.8,249.2,23.33,43.6,14.99,3.7977338590260183
2023-11-28 07:00:00,SENS-A2,2655.76,246.3,21.05,53.6,14.17,4.000033882750859
2023-11-28 08:00:00,SENS-A2,3088.7,282.2,18.59,50.9,13.32,3.949318790171843
2023-11-28 09:00:00,SENS-B2,3010.8,263.4,20.61,258.8,13.5,5.559912104236499
2023-11-28 10:00:00,SENS-A1,3070.7,264.5,19.67,48.6,15.28,3.903990833730882
2023-11-28 11:00:00,SENS-B2,3158.6,257.1,22.86,47.5,14.68,3.8815637979434374
2023-11-28 12:00:00,SENS-B1,3029.8,244.5,22.48,48.0,16.05,3.8918202981106265
2023-11-28 13:00:00,SENS-B1,3366.6850000000004,245.9,19.11,,15.1,
2023-11-28 14:00:00,SENS-B1,3093.3,247.2,15.61,47.8,15.15,3.8877303128591016
2023-11-28 15:00:00,SENS-A2,2886.4,252.8,24.0,59.0,16.19,4.0943445622221
2023-11-28 16:00:00,SENS-A2,2964.3,255.8,21.75,51.5,21.7,3.960813169597578
2023-11-28 17:00:00,SENS-A2,2660.8,250.0,19.04,47.1,17.92,3.8732821771117156
2023-11-28 18:00:00,SENS-A1,2864.7,245.6,21.63,54.9,17.68,4.023564380161053
2023-11-28 19:00:00,SENS-B2,2942.9,241.1,20.22,53.1,16.74,3.9908341858524357
2023-11-28 20:00:00,SENS-A2,3081.9,229.1,23.96,41.7,19.17,3.754198920234579
2023-11-28 21:00:00,SENS-B2,2887.4,269.3,14.21,44.8,15.88,3.8242840911201395
2023-11-28 22:00:00,SENS-B2,2813.1,283.1,18.81,49.4,15.65,3.919991175077323
2023-11-28 23:00:00,SENS-B2,2716.9,268.0,24.8,42.1,19.49,3.763522997109702
2023-11-29 00:00:00,SENS-A1,2910.5,231.1,21.69,60.5,9.55,4.119037174812473
2023-11-29 01:00:00,SENS-A1,3292.6,261.8,25.32,54.1,14.57,4.009149716158869
2023-11-29 02:00:00,SENS-B1,3040.7,265.4,16.33,49.9,17.5,3.929862923556477
2023-11-29 03:00:00,SENS-B1,3140.9,243.9,23.22,48.3,16.96,3.8979240810486444
2023-11-29 04:00:00,SENS-B2,2865.0,257.3,23.04,47.0,20.13,3.8712010109078907
2023-11-29 05:00:00,SENS-B1,2764.0,243.2,14.95,40.2,15.21,3.7184382563554808
2023-11-29 06:00:00,SENS-B2,2816.8,272.9,19.11,41.3,14.14,3.744787086052232
2023-11-29 08:00:00,SENS-A1,2700.9,236.2,15.14,57.9,15.64,4.075841090657541
2023-11-29 09:00:00,SENS-A1,2849.0,260.0,19.18,47.1,18.24,3.8732821771117156
2023-11-29 10:00:00,SENS-A2,2912.0,265.9,22.62,54.5,18.27,4.0163830207523885
2023-11-29 11:00:00,SENS-B2,2801.9,253.0,18.83,52.5,14.89,3.979681653901961
2023-11-29 12:00:00,SENS-A1,2681.4,257.2,20.73,53.1,15.51,3.9908341858524357
2023-11-29 13:00:00,SENS-B2,3043.4,249.0,20.75,,13.78,
2023-11-29 14:00:00,SENS-B1,3006.9,233.0,19.96,41.0,13.99,3.7376696182833684
2023-11-29 15:00:00,SENS-B1,3116.9,247.7,17.88,55.9,17.09,4.041295341132285
2023-11-29 16:00:00,SENS-A1,2833.4,257.8,21.98,40.1,18.2,3.716008121502189
2023-11-29 17:00:00,SENS-B2,3114.0,248.1,15.24,49.3,13.61,3.9180050771056933
2023-11-29 18:00:00,SENS-A1,3229.4,262.0,20.03,48.2,15.49,3.8958936234982624
2023-11-29 19:00:00,SENS-B1,3039.3,244.1,24.16,47.7,14.51,3.885679030088544
2023-11-29 20:00:00,SENS-A1,2908.5,245.1,18.66,51.6,16.73,3.9627161197436642
2023-11-29 21:00:00,SENS-B2,3021.8,262.5,17.82,46.6,14.22,3.8628327612373745
2023-11-29 23:00:00,SENS-A2,2876.4,243.8,20.49,50.7,17.01,3.9454577815143836
2023-11-30 00:00:00,SENS-B1,3102.5,265.5,22.24,60.5,14.39,4.119037174812473
